{"type":"FeatureCollection","meta":{"generatedUtc":"2026-08-02T17:25:42.266938+00:00","validationState":"pendiente_revision_no_publicar_como_consolidado","features":156},"features":[{"type":"Feature","geometry":{"type":"Point","coordinates":[-101.7907785,20.9641526]},"properties":{"project_id":8,"pem":"P16-OC2","project_name":"Potrerillos Banco 4","project_gcr":"occidental","role":"principal_probable","score":90,"confidence":"alta_para_revision","station_name":"S.E. POTRERILLOS","station_alias":"POTRERILLOS","network_level":"transmision","voltage_kv":400,"gcr_catalog":"occidental","record_key":"dgmesnie_geojson:se:1c2b2f1fc571c5e927e5","universe_key":"se:1c2b2f1fc571c5e927e5","node_id":"se:1c2b2f1fc571c5e927e5","source":"dgmesnie_geojson","coordinate_source":"dgmesnie_geojson","validation_state":"catalogado","homonyms_in_scope":1,"evidence":"nombre de subestación presente en el expediente (+45); mención explícita como SE (+20); nombre presente en el título (+15); punto dentro de GCR occidental (+15); inventario georreferenciado con estado trazable (+5); nombre de una sola palabra (-10)","shared_by_projects":1}},{"type":"Feature","geometry":{"type":"Point","coordinates":[-101.8634454,20.9732486]},"properties":{"project_id":8,"pem":"P16-OC2","project_name":"Potrerillos Banco 4","project_gcr":"occidental","role":"componente_declarado","score":80,"confidence":"media_para_revision","station_name":"S.E. SAN ROQUE","station_alias":"SAN ROQUE","network_level":"subtransmision","voltage_kv":115,"gcr_catalog":"occidental","record_key":"dgmesnie_geojson:se:07205893015f610e3110","universe_key":"se:07205893015f610e3110","node_id":"se:07205893015f610e3110","source":"dgmesnie_geojson","coordinate_source":"dgmesnie_geojson","validation_state":"catalogado","homonyms_in_scope":2,"evidence":"nombre de subestación presente en el expediente (+45); mención explícita como SE (+20); tensión compatible: 115 kV (+10); punto dentro de GCR occidental (+15); inventario georreferenciado con estado trazable (+5); homónimo: 2 puntos en el ámbito (-15)","shared_by_projects":1}},{"type":"Feature","geometry":{"type":"Point","coordinates":[-101.8633907,20.9732362]},"properties":{"project_id":8,"pem":"P16-OC2","project_name":"Potrerillos Banco 4","project_gcr":"occidental","role":"componente_declarado","score":80,"confidence":"media_para_revision","station_name":"S.E. SAN ROQUE","station_alias":"SAN ROQUE","network_level":"subtransmision","voltage_kv":115,"gcr_catalog":"occidental","record_key":"dgmesnie_geojson:se:778486ef2926e91acb0e","universe_key":"se:778486ef2926e91acb0e","node_id":"se:778486ef2926e91acb0e","source":"dgmesnie_geojson","coordinate_source":"dgmesnie_geojson","validation_state":"catalogado","homonyms_in_scope":2,"evidence":"nombre de subestación presente en el expediente (+45); mención explícita como SE (+20); tensión compatible: 115 kV (+10); punto dentro de GCR occidental (+15); inventario georreferenciado con estado trazable (+5); homónimo: 2 puntos en el ámbito (-15)","shared_by_projects":1}},{"type":"Feature","geometry":{"type":"Point","coordinates":[-100.1417181,19.2834019]},"properties":{"project_id":10,"pem":"P15-CE1","project_name":"Donato Guerra MVAr (traslado)","project_gcr":"central","role":"principal_probable","score":95,"confidence":"alta_para_revision","station_name":"Donato Guerra","station_alias":"DONATO GUERRA","network_level":"transmision","voltage_kv":400,"gcr_catalog":"central","record_key":"atlas_sen:00719582eb98bef00d8b8d56439be078f0126fc6","universe_key":"ref:atlas_sen:00719582eb98bef00d8b8d56439be078f0126fc6","node_id":"","source":"atlas_sen","coordinate_source":"openstreetmap","validation_state":"validada_automatica_fuente_abierta","homonyms_in_scope":3,"evidence":"nombre de subestación presente en el expediente (+45); mención explícita como SE (+20); nombre presente en el título (+15); tensión compatible: 400 kV (+10); punto dentro de GCR central (+15); inventario georreferenciado con estado trazable (+5); homónimo: 3 puntos en el ámbito (-15)","shared_by_projects":2}},{"type":"Feature","geometry":{"type":"Point","coordinates":[-100.1416721,19.283539]},"properties":{"project_id":10,"pem":"P15-CE1","project_name":"Donato Guerra MVAr (traslado)","project_gcr":"central","role":"principal_probable","score":85,"confidence":"media_para_revision","station_name":"S.E. DONATO GUERRA","station_alias":"DONATO GUERRA","network_level":"subtransmision","voltage_kv":115,"gcr_catalog":"central","record_key":"dgmesnie_geojson:se:6ffc96dc0f080a641074","universe_key":"se:6ffc96dc0f080a641074","node_id":"se:6ffc96dc0f080a641074","source":"dgmesnie_geojson","coordinate_source":"dgmesnie_geojson","validation_state":"catalogado","homonyms_in_scope":3,"evidence":"nombre de subestación presente en el expediente (+45); mención explícita como SE (+20); nombre presente en el título (+15); punto dentro de GCR central (+15); inventario georreferenciado con estado trazable (+5); homónimo: 3 puntos en el ámbito (-15)","shared_by_projects":2}},{"type":"Feature","geometry":{"type":"Point","coordinates":[-100.1416298,19.2832876]},"properties":{"project_id":10,"pem":"P15-CE1","project_name":"Donato Guerra MVAr (traslado)","project_gcr":"central","role":"principal_probable","score":85,"confidence":"media_para_revision","station_name":"S.E. DONATO GUERRA","station_alias":"DONATO GUERRA","network_level":"subtransmision","voltage_kv":115,"gcr_catalog":"central","record_key":"dgmesnie_geojson:se:aa8a8fdfbf8d7c80ea09","universe_key":"se:aa8a8fdfbf8d7c80ea09","node_id":"se:aa8a8fdfbf8d7c80ea09","source":"dgmesnie_geojson","coordinate_source":"dgmesnie_geojson","validation_state":"catalogado","homonyms_in_scope":3,"evidence":"nombre de subestación presente en el expediente (+45); mención explícita como SE (+20); nombre presente en el título (+15); punto dentro de GCR central (+15); inventario georreferenciado con estado trazable (+5); homónimo: 3 puntos en el ámbito (-15)","shared_by_projects":2}},{"type":"Feature","geometry":{"type":"Point","coordinates":[-96.5373584,18.0524306]},"properties":{"project_id":12,"pem":"P17-OR4","project_name":"Suministro de energía en Oaxaca y Huatulco\r\nFase 2\r\n(LT San Jacinto Tlacotepec – Pinotepa Nacional 1er. circuito)","project_gcr":"","role":"componente_declarado","score":80,"confidence":"media_para_revision","station_name":"Jalapa de Díaz","station_alias":"JALAPA DE DIAZ","network_level":"transmision","voltage_kv":230,"gcr_catalog":"oriental","record_key":"atlas_sen:4f38ceca94f136e8aaf29f1a2ec9951e6e0eebe9","universe_key":"ref:atlas_sen:4f38ceca94f136e8aaf29f1a2ec9951e6e0eebe9","node_id":"","source":"atlas_sen","coordinate_source":"openstreetmap","validation_state":"validada_automatica_fuente_abierta","homonyms_in_scope":0,"evidence":"nombre de subestación presente en el expediente (+45); mención explícita como SE (+20); tensión compatible: 230 kV (+10); inventario georreferenciado con estado trazable (+5)","shared_by_projects":1}},{"type":"Feature","geometry":{"type":"Point","coordinates":[-98.0574784,16.3390421]},"properties":{"project_id":12,"pem":"P17-OR4","project_name":"Suministro de energía en Oaxaca y Huatulco\r\nFase 2\r\n(LT San Jacinto Tlacotepec – Pinotepa Nacional 1er. circuito)","project_gcr":"","role":"referencia_titular","score":70,"confidence":"baja_no_promover","station_name":"SE PINOTEPA NACIONAL","station_alias":"PINOTEPA NACIONAL","network_level":"subtransmision","voltage_kv":115,"gcr_catalog":"oriental","record_key":"dgmesnie_geojson:se:a0b6eb47c71f7e8e4f47","universe_key":"se:a0b6eb47c71f7e8e4f47","node_id":"se:a0b6eb47c71f7e8e4f47","source":"dgmesnie_geojson + openstreetmap","coordinate_source":"dgmesnie_geojson","validation_state":"catalogado","homonyms_in_scope":0,"evidence":"nombre de subestación presente en el expediente (+45); nombre presente en el título (+15); coordenada conciliada por varias fuentes (+5); inventario georreferenciado con estado trazable (+5)","shared_by_projects":1}},{"type":"Feature","geometry":{"type":"Point","coordinates":[-97.3721534,16.5156768]},"properties":{"project_id":12,"pem":"P17-OR4","project_name":"Suministro de energía en Oaxaca y Huatulco\r\nFase 2\r\n(LT San Jacinto Tlacotepec – Pinotepa Nacional 1er. circuito)","project_gcr":"","role":"referencia_titular","score":70,"confidence":"baja_no_promover","station_name":"SE SAN JACINTO TLACOTEPEC","station_alias":"SAN JACINTO TLACOTEPEC","network_level":"subtransmision","voltage_kv":115,"gcr_catalog":"oriental","record_key":"dgmesnie_geojson:se:0a5711f597aad00e6d70","universe_key":"se:0a5711f597aad00e6d70","node_id":"se:0a5711f597aad00e6d70","source":"dgmesnie_geojson + openstreetmap","coordinate_source":"dgmesnie_geojson","validation_state":"catalogado","homonyms_in_scope":0,"evidence":"nombre de subestación presente en el expediente (+45); nombre presente en el título (+15); coordenada conciliada por varias fuentes (+5); inventario georreferenciado con estado trazable (+5)","shared_by_projects":1}},{"type":"Feature","geometry":{"type":"Point","coordinates":[-110.9512294,28.9295848]},"properties":{"project_id":13,"pem":"P16-NO2","project_name":"Compensación Reactiva Inductiva en Seri","project_gcr":"noroeste","role":"principal_probable","score":95,"confidence":"alta_para_revision","station_name":"SE SERI","station_alias":"SERI","network_level":"transmision","voltage_kv":230,"gcr_catalog":"noroeste","record_key":"dgmesnie_geojson:se:6892bad9d21c34983d9e","universe_key":"se:6892bad9d21c34983d9e","node_id":"se:6892bad9d21c34983d9e","source":"atlas_sen + dgmesnie_geojson","coordinate_source":"dgmesnie_geojson","validation_state":"catalogado","homonyms_in_scope":1,"evidence":"nombre de subestación presente en el expediente (+45); mención explícita como SE (+20); nombre presente en el título (+15); punto dentro de GCR noroeste (+15); coordenada conciliada por varias fuentes (+5); inventario georreferenciado con estado trazable (+5); nombre de una sola palabra (-10)","shared_by_projects":1}},{"type":"Feature","geometry":{"type":"Point","coordinates":[-98.41961,20.06656]},"properties":{"project_id":19,"pem":"P16-CE1","project_name":"Kilómetro 110 – Tulancingo.","project_gcr":"central","role":"principal_probable","score":95,"confidence":"alta_para_revision","station_name":"Tulancingo","station_alias":"TULANCINGO","network_level":"subtransmision","voltage_kv":85,"gcr_catalog":"central","record_key":"openstreetmap:20e8000e5bf432dde32b39072dc3dc4018e9e9fe","universe_key":"ref:openstreetmap:20e8000e5bf432dde32b39072dc3dc4018e9e9fe","node_id":"","source":"openstreetmap","coordinate_source":"openstreetmap","validation_state":"referencia_secundaria_pendiente_validacion","homonyms_in_scope":1,"evidence":"nombre de subestación presente en el expediente (+45); mención explícita como SE (+20); nombre presente en el título (+15); tensión compatible: 85 kV (+10); punto dentro de GCR central (+15); nombre de una sola palabra (-10)","shared_by_projects":1}},{"type":"Feature","geometry":{"type":"Point","coordinates":[-96.3908073,18.254712]},"properties":{"project_id":20,"pem":"P17-OR3","project_name":"Tabasco Potencia MVAr.","project_gcr":"oriental","role":"mencion_tecnica","score":80,"confidence":"media_para_revision","station_name":"SE TEMASCAL II","station_alias":"TEMASCAL II","network_level":"transmision","voltage_kv":400,"gcr_catalog":"oriental","record_key":"dgmesnie_geojson:se:64488cca9788d876f423","universe_key":"se:64488cca9788d876f423","node_id":"se:64488cca9788d876f423","source":"atlas_sen + dgmesnie_geojson","coordinate_source":"dgmesnie_geojson","validation_state":"catalogado","homonyms_in_scope":1,"evidence":"nombre de subestación presente en el expediente (+45); tensión compatible: 400 kV (+10); punto dentro de GCR oriental (+15); coordenada conciliada por varias fuentes (+5); inventario georreferenciado con estado trazable (+5)","shared_by_projects":2}},{"type":"Feature","geometry":{"type":"Point","coordinates":[-111.4755511,28.8244806]},"properties":{"project_id":24,"pem":"P15-NO3","project_name":"Compensación Reactiva Inductiva en Esperanza.","project_gcr":"noroeste","role":"principal_probable","score":90,"confidence":"alta_para_revision","station_name":"Esperanza","station_alias":"ESPERANZA","network_level":"transmision","voltage_kv":230,"gcr_catalog":"noroeste","record_key":"atlas_sen:2d239bebed1464c2f3882606f6113ed3ec3c3140","universe_key":"ref:atlas_sen:2d239bebed1464c2f3882606f6113ed3ec3c3140","node_id":"","source":"atlas_sen","coordinate_source":"openstreetmap","validation_state":"validada_automatica_fuente_abierta","homonyms_in_scope":1,"evidence":"nombre de subestación presente en el expediente (+45); mención explícita como SE (+20); nombre presente en el título (+15); punto dentro de GCR noroeste (+15); inventario georreferenciado con estado trazable (+5); nombre de una sola palabra (-10)","shared_by_projects":1}},{"type":"Feature","geometry":{"type":"Point","coordinates":[-116.9846142,32.4470158]},"properties":{"project_id":34,"pem":"P17-BC14","project_name":"Panamericana Potencia Banco 3","project_gcr":"bcalifornia","role":"principal_probable","score":100,"confidence":"alta_para_revision","station_name":"S.E. PANAMERICANA POTENCIA","station_alias":"PANAMERICANA POTENCIA","network_level":"transmision","voltage_kv":230,"gcr_catalog":"bcalifornia","record_key":"dgmesnie_geojson:se:da58753d8690979cc396","universe_key":"se:da58753d8690979cc396","node_id":"se:da58753d8690979cc396","source":"atlas_sen + dgmesnie_geojson","coordinate_source":"dgmesnie_geojson","validation_state":"catalogado","homonyms_in_scope":1,"evidence":"nombre de subestación presente en el expediente (+45); mención explícita como SE (+20); nombre presente en el título (+15); punto dentro de GCR bcalifornia (+15); coordenada conciliada por varias fuentes (+5); inventario georreferenciado con estado trazable (+5)","shared_by_projects":1}},{"type":"Feature","geometry":{"type":"Point","coordinates":[-99.760662,19.3887944]},"properties":{"project_id":35,"pem":"M15-CE2","project_name":"Línea de Transmisión Atlacomulco Potencia - Almoloya","project_gcr":"central","role":"principal_probable","score":100,"confidence":"alta_para_revision","station_name":"S.E. ALMOLOYA","station_alias":"ALMOLOYA","network_level":"transmision","voltage_kv":400,"gcr_catalog":"central","record_key":"dgmesnie_geojson:se:a063af912a9598937c12","universe_key":"se:a063af912a9598937c12","node_id":"se:a063af912a9598937c12","source":"atlas_sen + dgmesnie_geojson","coordinate_source":"dgmesnie_geojson","validation_state":"catalogado","homonyms_in_scope":1,"evidence":"nombre de subestación presente en el expediente (+45); mención explícita como SE (+20); nombre presente en el título (+15); tensión compatible: 400 kV (+10); punto dentro de GCR central (+15); coordenada conciliada por varias fuentes (+5); inventario georreferenciado con estado trazable (+5); nombre de una sola palabra (-10)","shared_by_projects":1}},{"type":"Feature","geometry":{"type":"Point","coordinates":[-94.691068,18.0283721]},"properties":{"project_id":36,"pem":"M18-OR1","project_name":"Modernización de Líneas de Transmisión Chinameca Potencia A3260 Temascal II y Minatitlán II A3360 Temascal II","project_gcr":"oriental","role":"extremo_linea","score":85,"confidence":"media_para_revision","station_name":"S.E CHINAMECA POTENCIA","station_alias":"CHINAMECA POTENCIA","network_level":"transmision","voltage_kv":400,"gcr_catalog":"oriental","record_key":"dgmesnie_geojson:se:59f7e7a45e3c81d564d7","universe_key":"se:59f7e7a45e3c81d564d7","node_id":"se:59f7e7a45e3c81d564d7","source":"atlas_sen + dgmesnie_geojson","coordinate_source":"dgmesnie_geojson","validation_state":"catalogado","homonyms_in_scope":1,"evidence":"nombre de subestación presente en el expediente (+45); nombre presente en el título (+15); punto dentro de GCR oriental (+15); coordenada conciliada por varias fuentes (+5); inventario georreferenciado con estado trazable (+5)","shared_by_projects":1}},{"type":"Feature","geometry":{"type":"Point","coordinates":[-94.3995222,18.0291344]},"properties":{"project_id":36,"pem":"M18-OR1","project_name":"Modernización de Líneas de Transmisión Chinameca Potencia A3260 Temascal II y Minatitlán II A3360 Temascal II","project_gcr":"oriental","role":"extremo_linea","score":85,"confidence":"media_para_revision","station_name":"S.E. MINATITLAN II","station_alias":"MINATITLAN II","network_level":"transmision","voltage_kv":400,"gcr_catalog":"oriental","record_key":"dgmesnie_geojson:se:8cea3d1239578d35667a","universe_key":"se:8cea3d1239578d35667a","node_id":"se:8cea3d1239578d35667a","source":"atlas_sen + dgmesnie_geojson","coordinate_source":"dgmesnie_geojson","validation_state":"catalogado","homonyms_in_scope":1,"evidence":"nombre de subestación presente en el expediente (+45); nombre presente en el título (+15); punto dentro de GCR oriental (+15); coordenada conciliada por varias fuentes (+5); inventario georreferenciado con estado trazable (+5)","shared_by_projects":2}},{"type":"Feature","geometry":{"type":"Point","coordinates":[-96.3908073,18.254712]},"properties":{"project_id":36,"pem":"M18-OR1","project_name":"Modernización de Líneas de Transmisión Chinameca Potencia A3260 Temascal II y Minatitlán II A3360 Temascal II","project_gcr":"oriental","role":"extremo_linea","score":85,"confidence":"media_para_revision","station_name":"SE TEMASCAL II","station_alias":"TEMASCAL II","network_level":"transmision","voltage_kv":400,"gcr_catalog":"oriental","record_key":"dgmesnie_geojson:se:64488cca9788d876f423","universe_key":"se:64488cca9788d876f423","node_id":"se:64488cca9788d876f423","source":"atlas_sen + dgmesnie_geojson","coordinate_source":"dgmesnie_geojson","validation_state":"catalogado","homonyms_in_scope":1,"evidence":"nombre de subestación presente en el expediente (+45); nombre presente en el título (+15); punto dentro de GCR oriental (+15); coordenada conciliada por varias fuentes (+5); inventario georreferenciado con estado trazable (+5)","shared_by_projects":2}},{"type":"Feature","geometry":{"type":"Point","coordinates":[-100.6925238,28.4839207]},"properties":{"project_id":42,"pem":"P18-NE4","project_name":"Traslado de Reactores en el Noreste","project_gcr":"noreste","role":"componente_declarado","score":100,"confidence":"alta_para_revision","station_name":"S.E. RIO ESCONDIDO","station_alias":"RIO ESCONDIDO","network_level":"transmision","voltage_kv":400,"gcr_catalog":"noreste","record_key":"dgmesnie_geojson:se:3556e3b04a7b23340a8f","universe_key":"se:3556e3b04a7b23340a8f","node_id":"se:3556e3b04a7b23340a8f","source":"atlas_sen + dgmesnie_geojson","coordinate_source":"dgmesnie_geojson","validation_state":"catalogado","homonyms_in_scope":1,"evidence":"nombre de subestación presente en el expediente (+45); mención explícita como SE (+20); tensión compatible: 400 kV (+10); punto dentro de GCR noreste (+15); coordenada conciliada por varias fuentes (+5); inventario georreferenciado con estado trazable (+5)","shared_by_projects":3}},{"type":"Feature","geometry":{"type":"Point","coordinates":[-101.5037648,26.9265828]},"properties":{"project_id":42,"pem":"P18-NE4","project_name":"Traslado de Reactores en el Noreste","project_gcr":"noreste","role":"componente_declarado","score":85,"confidence":"media_para_revision","station_name":"Frontera","station_alias":"FRONTERA","network_level":"transmision","voltage_kv":400,"gcr_catalog":"noreste","record_key":"atlas_sen:33c796d6cdd30c130d237424cdfabed9e6d6bf29","universe_key":"ref:atlas_sen:33c796d6cdd30c130d237424cdfabed9e6d6bf29","node_id":"","source":"atlas_sen","coordinate_source":"openstreetmap","validation_state":"validada_automatica_fuente_abierta","homonyms_in_scope":1,"evidence":"nombre de subestación presente en el expediente (+45); mención explícita como SE (+20); tensión compatible: 400 kV (+10); punto dentro de GCR noreste (+15); inventario georreferenciado con estado trazable (+5); nombre de una sola palabra (-10)","shared_by_projects":1}},{"type":"Feature","geometry":{"type":"Point","coordinates":[-100.3350214,25.6640943]},"properties":{"project_id":42,"pem":"P18-NE4","project_name":"Traslado de Reactores en el Noreste","project_gcr":"noreste","role":"componente_declarado","score":80,"confidence":"media_para_revision","station_name":"S.E. RIO","station_alias":"RIO","network_level":"subtransmision","voltage_kv":115,"gcr_catalog":"noreste","record_key":"dgmesnie_geojson:se:a7440aa9f66578755a9b","universe_key":"se:a7440aa9f66578755a9b","node_id":"se:a7440aa9f66578755a9b","source":"dgmesnie_geojson + openstreetmap","coordinate_source":"dgmesnie_geojson","validation_state":"catalogado","homonyms_in_scope":1,"evidence":"nombre de subestación presente en el expediente (+45); mención explícita como SE (+20); punto dentro de GCR noreste (+15); coordenada conciliada por varias fuentes (+5); inventario georreferenciado con estado trazable (+5); nombre de una sola palabra (-10)","shared_by_projects":2}},{"type":"Feature","geometry":{"type":"Point","coordinates":[-100.5534058,25.7099192]},"properties":{"project_id":42,"pem":"P18-NE4","project_name":"Traslado de Reactores en el Noreste","project_gcr":"noreste","role":"mencion_tecnica","score":80,"confidence":"media_para_revision","station_name":"S.E. VILLA DE GARCIA","station_alias":"VILLA DE GARCIA","network_level":"transmision","voltage_kv":400,"gcr_catalog":"noreste","record_key":"dgmesnie_geojson:se:480705dfdbecac60ab0a","universe_key":"se:480705dfdbecac60ab0a","node_id":"se:480705dfdbecac60ab0a","source":"atlas_sen + dgmesnie_geojson","coordinate_source":"dgmesnie_geojson","validation_state":"catalogado","homonyms_in_scope":1,"evidence":"nombre de subestación presente en el expediente (+45); tensión compatible: 400 kV (+10); punto dentro de GCR noreste (+15); coordenada conciliada por varias fuentes (+5); inventario georreferenciado con estado trazable (+5)","shared_by_projects":2}},{"type":"Feature","geometry":{"type":"Point","coordinates":[-104.6024362,21.3942643]},"properties":{"project_id":43,"pem":"P18-OC2","project_name":"Enlace Tepic II - Cerro Blanco","project_gcr":"occidental","role":"extremo_linea","score":85,"confidence":"media_para_revision","station_name":"S.E. CERRO BLANCO","station_alias":"CERRO BLANCO","network_level":"transmision","voltage_kv":400,"gcr_catalog":"occidental","record_key":"dgmesnie_geojson:se:bc070391e92bd88e6c93","universe_key":"se:bc070391e92bd88e6c93","node_id":"se:bc070391e92bd88e6c93","source":"atlas_sen + dgmesnie_geojson","coordinate_source":"dgmesnie_geojson","validation_state":"catalogado","homonyms_in_scope":1,"evidence":"nombre de subestación presente en el expediente (+45); nombre presente en el título (+15); punto dentro de GCR occidental (+15); coordenada conciliada por varias fuentes (+5); inventario georreferenciado con estado trazable (+5)","shared_by_projects":2}},{"type":"Feature","geometry":{"type":"Point","coordinates":[-104.9369531,21.5818209]},"properties":{"project_id":43,"pem":"P18-OC2","project_name":"Enlace Tepic II - Cerro Blanco","project_gcr":"occidental","role":"extremo_linea","score":85,"confidence":"media_para_revision","station_name":"S.E. TEPIC II","station_alias":"TEPIC II","network_level":"transmision","voltage_kv":400,"gcr_catalog":"occidental","record_key":"dgmesnie_geojson:se:bdd77168a2310bf91a6a","universe_key":"se:bdd77168a2310bf91a6a","node_id":"se:bdd77168a2310bf91a6a","source":"atlas_sen + dgmesnie_geojson","coordinate_source":"dgmesnie_geojson","validation_state":"catalogado","homonyms_in_scope":1,"evidence":"nombre de subestación presente en el expediente (+45); nombre presente en el título (+15); punto dentro de GCR occidental (+15); coordenada conciliada por varias fuentes (+5); inventario georreferenciado con estado trazable (+5)","shared_by_projects":1}},{"type":"Feature","geometry":{"type":"Point","coordinates":[-99.7145885,19.2888196]},"properties":{"project_id":58,"pem":"P17-CE2","project_name":"Línea de Transmisión Deportiva-Toluca","project_gcr":"central","role":"principal_probable","score":100,"confidence":"alta_para_revision","station_name":"S.E. DEPORTIVA","station_alias":"DEPORTIVA","network_level":"transmision","voltage_kv":230,"gcr_catalog":"central","record_key":"dgmesnie_geojson:se:4a6743e8a69d068dbad0","universe_key":"se:4a6743e8a69d068dbad0","node_id":"se:4a6743e8a69d068dbad0","source":"atlas_sen + dgmesnie_geojson","coordinate_source":"dgmesnie_geojson","validation_state":"catalogado","homonyms_in_scope":1,"evidence":"nombre de subestación presente en el expediente (+45); mención explícita como SE (+20); nombre presente en el título (+15); tensión compatible: 230 kV (+10); punto dentro de GCR central (+15); coordenada conciliada por varias fuentes (+5); inventario georreferenciado con estado trazable (+5); nombre de una sola palabra (-10)","shared_by_projects":1}},{"type":"Feature","geometry":{"type":"Point","coordinates":[-99.6322425,19.2938292]},"properties":{"project_id":58,"pem":"P17-CE2","project_name":"Línea de Transmisión Deportiva-Toluca","project_gcr":"central","role":"principal_probable","score":100,"confidence":"alta_para_revision","station_name":"S.E. TOLUCA","station_alias":"TOLUCA","network_level":"transmision","voltage_kv":230,"gcr_catalog":"central","record_key":"dgmesnie_geojson:se:2404d092fe105b286b0c","universe_key":"se:2404d092fe105b286b0c","node_id":"se:2404d092fe105b286b0c","source":"atlas_sen + dgmesnie_geojson","coordinate_source":"dgmesnie_geojson","validation_state":"catalogado","homonyms_in_scope":1,"evidence":"nombre de subestación presente en el expediente (+45); mención explícita como SE (+20); nombre presente en el título (+15); tensión compatible: 230 kV (+10); punto dentro de GCR central (+15); coordenada conciliada por varias fuentes (+5); inventario georreferenciado con estado trazable (+5); nombre de una sola palabra (-10)","shared_by_projects":1}},{"type":"Feature","geometry":{"type":"Point","coordinates":[-99.343384,19.3072158]},"properties":{"project_id":58,"pem":"P17-CE2","project_name":"Línea de Transmisión Deportiva-Toluca","project_gcr":"central","role":"componente_declarado","score":70,"confidence":"baja_no_promover","station_name":"S.E. SAN BERNABE","station_alias":"SAN BERNABE","network_level":"subtransmision","voltage_kv":115,"gcr_catalog":"central","record_key":"dgmesnie_geojson:se:a23cfe2928cce4dbf653","universe_key":"se:a23cfe2928cce4dbf653","node_id":"se:a23cfe2928cce4dbf653","source":"dgmesnie_geojson","coordinate_source":"dgmesnie_geojson","validation_state":"catalogado","homonyms_in_scope":2,"evidence":"nombre de subestación presente en el expediente (+45); mención explícita como SE (+20); punto dentro de GCR central (+15); inventario georreferenciado con estado trazable (+5); homónimo: 2 puntos en el ámbito (-15)","shared_by_projects":1}},{"type":"Feature","geometry":{"type":"Point","coordinates":[-99.3433403,19.3071525]},"properties":{"project_id":58,"pem":"P17-CE2","project_name":"Línea de Transmisión Deportiva-Toluca","project_gcr":"central","role":"componente_declarado","score":70,"confidence":"baja_no_promover","station_name":"San Bernabé","station_alias":"SAN BERNABE","network_level":"transmision","voltage_kv":400,"gcr_catalog":"central","record_key":"atlas_sen:2bf3b75104f978d5366cb1ffa9c67cc8d262dcad","universe_key":"ref:atlas_sen:2bf3b75104f978d5366cb1ffa9c67cc8d262dcad","node_id":"","source":"atlas_sen","coordinate_source":"openstreetmap","validation_state":"validada_automatica_fuente_abierta","homonyms_in_scope":2,"evidence":"nombre de subestación presente en el expediente (+45); mención explícita como SE (+20); punto dentro de GCR central (+15); inventario georreferenciado con estado trazable (+5); homónimo: 2 puntos en el ámbito (-15)","shared_by_projects":2}},{"type":"Feature","geometry":{"type":"Point","coordinates":[-98.3109961,26.0806308]},"properties":{"project_id":71,"pem":"I16-NE3","project_name":"Red de transmisión Reynosa – Monterrey","project_gcr":"noreste","role":"principal_probable","score":90,"confidence":"alta_para_revision","station_name":"S.E. REYNOSA","station_alias":"REYNOSA","network_level":"subtransmision","voltage_kv":115,"gcr_catalog":"noreste","record_key":"dgmesnie_geojson:se:eac90c70d6ddccf78587","universe_key":"se:eac90c70d6ddccf78587","node_id":"se:eac90c70d6ddccf78587","source":"dgmesnie_geojson","coordinate_source":"dgmesnie_geojson","validation_state":"catalogado","homonyms_in_scope":1,"evidence":"nombre de subestación presente en el expediente (+45); mención explícita como SE (+20); nombre presente en el título (+15); punto dentro de GCR noreste (+15); inventario georreferenciado con estado trazable (+5); nombre de una sola palabra (-10)","shared_by_projects":1}},{"type":"Feature","geometry":{"type":"Point","coordinates":[-98.2766092,25.9783594]},"properties":{"project_id":71,"pem":"I16-NE3","project_name":"Red de transmisión Reynosa – Monterrey","project_gcr":"noreste","role":"componente_declarado","score":75,"confidence":"baja_no_promover","station_name":"S.E. AEROPUERTO","station_alias":"AEROPUERTO","network_level":"subtransmision","voltage_kv":115,"gcr_catalog":"noreste","record_key":"dgmesnie_geojson:se:d08b61fca540e64fa97d","universe_key":"se:d08b61fca540e64fa97d","node_id":"se:d08b61fca540e64fa97d","source":"dgmesnie_geojson","coordinate_source":"dgmesnie_geojson","validation_state":"catalogado","homonyms_in_scope":1,"evidence":"nombre de subestación presente en el expediente (+45); mención explícita como SE (+20); punto dentro de GCR noreste (+15); inventario georreferenciado con estado trazable (+5); nombre de una sola palabra (-10)","shared_by_projects":1}},{"type":"Feature","geometry":{"type":"Point","coordinates":[-103.3737011,20.6655326]},"properties":{"project_id":75,"pem":"D18-OC5","project_name":"Bajío Banco 1 (antes Primavera)","project_gcr":"occidental","role":"extremo_linea","score":75,"confidence":"baja_no_promover","station_name":"S.E. NIÑOS HÉROES","station_alias":"NINOS HEROES","network_level":"transmision","voltage_kv":230,"gcr_catalog":"occidental","record_key":"dgmesnie_geojson:se:ca7526ce00466e28b73c","universe_key":"se:ca7526ce00466e28b73c","node_id":"se:ca7526ce00466e28b73c","source":"dgmesnie_geojson","coordinate_source":"dgmesnie_geojson","validation_state":"catalogado","homonyms_in_scope":1,"evidence":"nombre de subestación presente en el expediente (+45); tensión compatible: 230 kV (+10); punto dentro de GCR occidental (+15); inventario georreferenciado con estado trazable (+5)","shared_by_projects":1}},{"type":"Feature","geometry":{"type":"Point","coordinates":[-93.1910748,16.8114068]},"properties":{"project_id":77,"pem":"D18-OR6","project_name":"Berriozábal Banco 1","project_gcr":"oriental","role":"extremo_linea","score":70,"confidence":"baja_no_promover","station_name":"S.E. EL SABINO","station_alias":"EL SABINO","network_level":"transmision","voltage_kv":400,"gcr_catalog":"oriental","record_key":"dgmesnie_geojson:se:08f8415ee108dccd06a5","universe_key":"se:08f8415ee108dccd06a5","node_id":"se:08f8415ee108dccd06a5","source":"atlas_sen + dgmesnie_geojson","coordinate_source":"dgmesnie_geojson","validation_state":"catalogado","homonyms_in_scope":1,"evidence":"nombre de subestación presente en el expediente (+45); punto dentro de GCR oriental (+15); coordenada conciliada por varias fuentes (+5); inventario georreferenciado con estado trazable (+5)","shared_by_projects":1}},{"type":"Feature","geometry":{"type":"Point","coordinates":[-93.3945373,16.7306575]},"properties":{"project_id":77,"pem":"D18-OR6","project_name":"Berriozábal Banco 1","project_gcr":"oriental","role":"extremo_linea","score":70,"confidence":"baja_no_promover","station_name":"S.E. OCOZOCOAUTLA","station_alias":"OCOZOCOAUTLA","network_level":"subtransmision","voltage_kv":115,"gcr_catalog":"oriental","record_key":"dgmesnie_geojson:se:8046588dc1950f16e969","universe_key":"se:8046588dc1950f16e969","node_id":"se:8046588dc1950f16e969","source":"dgmesnie_geojson + openstreetmap","coordinate_source":"dgmesnie_geojson","validation_state":"catalogado","homonyms_in_scope":1,"evidence":"nombre de subestación presente en el expediente (+45); tensión compatible: 115 kV (+10); punto dentro de GCR oriental (+15); coordenada conciliada por varias fuentes (+5); inventario georreferenciado con estado trazable (+5); nombre de una sola palabra (-10)","shared_by_projects":1}},{"type":"Feature","geometry":{"type":"Point","coordinates":[-101.7150952,20.9311445]},"properties":{"project_id":83,"pem":"D18-OC7","project_name":"San Cristóbal Banco 1","project_gcr":"occidental","role":"extremo_linea","score":80,"confidence":"media_para_revision","station_name":"S.E. JESÚS DEL MONTE","station_alias":"JESUS DEL MONTE","network_level":"subtransmision","voltage_kv":115,"gcr_catalog":"occidental","record_key":"dgmesnie_geojson:se:872837fd2a79219b9b23","universe_key":"se:872837fd2a79219b9b23","node_id":"se:872837fd2a79219b9b23","source":"dgmesnie_geojson + openstreetmap","coordinate_source":"dgmesnie_geojson","validation_state":"catalogado","homonyms_in_scope":1,"evidence":"nombre de subestación presente en el expediente (+45); tensión compatible: 115 kV (+10); punto dentro de GCR occidental (+15); coordenada conciliada por varias fuentes (+5); inventario georreferenciado con estado trazable (+5)","shared_by_projects":1}},{"type":"Feature","geometry":{"type":"Point","coordinates":[-111.1315095,30.5252114]},"properties":{"project_id":84,"pem":"D18-NO1","project_name":"El Llano Banco 1","project_gcr":"noroeste","role":"extremo_linea","score":70,"confidence":"baja_no_promover","station_name":"S.E. SANTA ANA","station_alias":"SANTA ANA","network_level":"transmision","voltage_kv":230,"gcr_catalog":"noroeste","record_key":"dgmesnie_geojson:se:4eb9ace0666e3bb0a689","universe_key":"se:4eb9ace0666e3bb0a689","node_id":"se:4eb9ace0666e3bb0a689","source":"atlas_sen + dgmesnie_geojson","coordinate_source":"dgmesnie_geojson","validation_state":"catalogado","homonyms_in_scope":1,"evidence":"nombre de subestación presente en el expediente (+45); punto dentro de GCR noroeste (+15); coordenada conciliada por varias fuentes (+5); inventario georreferenciado con estado trazable (+5)","shared_by_projects":2}},{"type":"Feature","geometry":{"type":"Point","coordinates":[-92.6137476,17.7444323]},"properties":{"project_id":85,"pem":"D18-OR10","project_name":"Traconis Banco 1","project_gcr":"oriental","role":"extremo_linea","score":70,"confidence":"baja_no_promover","station_name":"S.E. MACUSPANA","station_alias":"MACUSPANA","network_level":"subtransmision","voltage_kv":115,"gcr_catalog":"oriental","record_key":"dgmesnie_geojson:se:69badbdc886d0c4d54c5","universe_key":"se:69badbdc886d0c4d54c5","node_id":"se:69badbdc886d0c4d54c5","source":"dgmesnie_geojson + openstreetmap","coordinate_source":"dgmesnie_geojson","validation_state":"catalogado","homonyms_in_scope":1,"evidence":"nombre de subestación presente en el expediente (+45); tensión compatible: 115 kV (+10); punto dentro de GCR oriental (+15); coordenada conciliada por varias fuentes (+5); inventario georreferenciado con estado trazable (+5); nombre de una sola palabra (-10)","shared_by_projects":1}},{"type":"Feature","geometry":{"type":"Point","coordinates":[-88.2972548,18.5326739]},"properties":{"project_id":86,"pem":"D18-PE3","project_name":"Oxtankah Banco 1","project_gcr":"peninsular","role":"extremo_linea","score":75,"confidence":"baja_no_promover","station_name":"S.E. CHETUMAL NORTE","station_alias":"CHETUMAL NORTE","network_level":"subtransmision","voltage_kv":115,"gcr_catalog":"peninsular","record_key":"dgmesnie_geojson:se:1b7af072b958794fb40a","universe_key":"se:1b7af072b958794fb40a","node_id":"se:1b7af072b958794fb40a","source":"dgmesnie_geojson","coordinate_source":"dgmesnie_geojson","validation_state":"catalogado","homonyms_in_scope":1,"evidence":"nombre de subestación presente en el expediente (+45); tensión compatible: 115 kV (+10); punto dentro de GCR peninsular (+15); inventario georreferenciado con estado trazable (+5)","shared_by_projects":1}},{"type":"Feature","geometry":{"type":"Point","coordinates":[-92.9725535,17.9575502]},"properties":{"project_id":87,"pem":"D18-OR12","project_name":"Luis Gil Pérez Banco 1","project_gcr":"oriental","role":"extremo_linea","score":70,"confidence":"baja_no_promover","station_name":"S.E. TAMULTE","station_alias":"TAMULTE","network_level":"subtransmision","voltage_kv":115,"gcr_catalog":"oriental","record_key":"dgmesnie_geojson:se:e78b7f9b46aa9269f59a","universe_key":"se:e78b7f9b46aa9269f59a","node_id":"se:e78b7f9b46aa9269f59a","source":"dgmesnie_geojson + openstreetmap","coordinate_source":"dgmesnie_geojson","validation_state":"catalogado","homonyms_in_scope":1,"evidence":"nombre de subestación presente en el expediente (+45); tensión compatible: 115 kV (+10); punto dentro de GCR oriental (+15); coordenada conciliada por varias fuentes (+5); inventario georreferenciado con estado trazable (+5); nombre de una sola palabra (-10)","shared_by_projects":1}},{"type":"Feature","geometry":{"type":"Point","coordinates":[-107.6240514,30.1734362]},"properties":{"project_id":93,"pem":"D18-NT7","project_name":"Lebarón Banco 1","project_gcr":"norte","role":"extremo_linea","score":70,"confidence":"baja_no_promover","station_name":"S.E. GALEANA","station_alias":"GALEANA","network_level":"subtransmision","voltage_kv":115,"gcr_catalog":"norte","record_key":"dgmesnie_geojson:se:edda96fbc6c176642c8f","universe_key":"se:edda96fbc6c176642c8f","node_id":"se:edda96fbc6c176642c8f","source":"dgmesnie_geojson + openstreetmap","coordinate_source":"dgmesnie_geojson","validation_state":"catalogado","homonyms_in_scope":1,"evidence":"nombre de subestación presente en el expediente (+45); tensión compatible: 115 kV (+10); punto dentro de GCR norte (+15); coordenada conciliada por varias fuentes (+5); inventario georreferenciado con estado trazable (+5); nombre de una sola palabra (-10)","shared_by_projects":1}},{"type":"Feature","geometry":{"type":"Point","coordinates":[-108.0106014,31.0708457]},"properties":{"project_id":94,"pem":"D18-NT6","project_name":"Buenavista Banco 1","project_gcr":"norte","role":"extremo_linea","score":70,"confidence":"baja_no_promover","station_name":"S.E. ASCENSION","station_alias":"ASCENSION","network_level":"subtransmision","voltage_kv":115,"gcr_catalog":"norte","record_key":"dgmesnie_geojson:se:c28e88ad75528fddc26d","universe_key":"se:c28e88ad75528fddc26d","node_id":"se:c28e88ad75528fddc26d","source":"dgmesnie_geojson + openstreetmap","coordinate_source":"dgmesnie_geojson","validation_state":"catalogado","homonyms_in_scope":1,"evidence":"nombre de subestación presente en el expediente (+45); tensión compatible: 115 kV (+10); punto dentro de GCR norte (+15); coordenada conciliada por varias fuentes (+5); inventario georreferenciado con estado trazable (+5); nombre de una sola palabra (-10)","shared_by_projects":1}},{"type":"Feature","geometry":{"type":"Point","coordinates":[-116.883464,32.5154594]},"properties":{"project_id":97,"pem":"P19-BC1","project_name":"Tijuana I Banco 4","project_gcr":"bcalifornia","role":"referencia_titular","score":80,"confidence":"media_para_revision","station_name":"S.E. TIJUANA I","station_alias":"TIJUANA I","network_level":"transmision","voltage_kv":230,"gcr_catalog":"bcalifornia","record_key":"dgmesnie_geojson:se:4a1ed6f83da2d5803bef","universe_key":"se:4a1ed6f83da2d5803bef","node_id":"se:4a1ed6f83da2d5803bef","source":"dgmesnie_geojson","coordinate_source":"dgmesnie_geojson","validation_state":"catalogado","homonyms_in_scope":1,"evidence":"nombre de subestación presente en el expediente (+45); nombre presente en el título (+15); punto dentro de GCR bcalifornia (+15); inventario georreferenciado con estado trazable (+5)","shared_by_projects":2}},{"type":"Feature","geometry":{"type":"Point","coordinates":[-107.5072755,24.6978911]},"properties":{"project_id":98,"pem":"P15-NO1","project_name":"Culiacán Poniente Entronque Choacahui- La Higuera (A3N40)","project_gcr":"noroeste","role":"referencia_titular","score":95,"confidence":"alta_para_revision","station_name":"S.E. LA HIGUERA","station_alias":"LA HIGUERA","network_level":"transmision","voltage_kv":400,"gcr_catalog":"noroeste","record_key":"dgmesnie_geojson:se:a3f19539444bf0e71217","universe_key":"se:a3f19539444bf0e71217","node_id":"se:a3f19539444bf0e71217","source":"atlas_sen + dgmesnie_geojson","coordinate_source":"dgmesnie_geojson","validation_state":"catalogado","homonyms_in_scope":1,"evidence":"nombre de subestación presente en el expediente (+45); nombre presente en el título (+15); tensión compatible: 400 kV (+10); punto dentro de GCR noroeste (+15); coordenada conciliada por varias fuentes (+5); inventario georreferenciado con estado trazable (+5)","shared_by_projects":2}},{"type":"Feature","geometry":{"type":"Point","coordinates":[-107.5466761,24.8795565]},"properties":{"project_id":98,"pem":"P15-NO1","project_name":"Culiacán Poniente Entronque Choacahui- La Higuera (A3N40)","project_gcr":"noroeste","role":"referencia_titular","score":90,"confidence":"alta_para_revision","station_name":"Culiacán Poniente","station_alias":"CULIACAN PONIENTE","network_level":"transmision","voltage_kv":400,"gcr_catalog":"noroeste","record_key":"atlas_sen:f7e6bc77d139a9d4c4fd60210068acfaa814915b","universe_key":"ref:atlas_sen:f7e6bc77d139a9d4c4fd60210068acfaa814915b","node_id":"","source":"atlas_sen","coordinate_source":"openstreetmap","validation_state":"validada_automatica_fuente_abierta","homonyms_in_scope":1,"evidence":"nombre de subestación presente en el expediente (+45); nombre presente en el título (+15); tensión compatible: 400 kV (+10); punto dentro de GCR noroeste (+15); inventario georreferenciado con estado trazable (+5)","shared_by_projects":1}},{"type":"Feature","geometry":{"type":"Point","coordinates":[-109.0197324,25.9767043]},"properties":{"project_id":98,"pem":"P15-NO1","project_name":"Culiacán Poniente Entronque Choacahui- La Higuera (A3N40)","project_gcr":"noroeste","role":"referencia_titular","score":80,"confidence":"media_para_revision","station_name":"Choacahui","station_alias":"CHOACAHUI","network_level":"transmision","voltage_kv":400,"gcr_catalog":"noroeste","record_key":"atlas_sen:270c90567b95f5de0faa7d0d0590ce6744f08cfa","universe_key":"ref:atlas_sen:270c90567b95f5de0faa7d0d0590ce6744f08cfa","node_id":"","source":"atlas_sen","coordinate_source":"openstreetmap","validation_state":"validada_automatica_fuente_abierta","homonyms_in_scope":1,"evidence":"nombre de subestación presente en el expediente (+45); nombre presente en el título (+15); tensión compatible: 400 kV (+10); punto dentro de GCR noroeste (+15); inventario georreferenciado con estado trazable (+5); nombre de una sola palabra (-10)","shared_by_projects":1}},{"type":"Feature","geometry":{"type":"Point","coordinates":[-106.4061325,31.5548139]},"properties":{"project_id":101,"pem":"P19-NT1","project_name":"Terranova Banco 2","project_gcr":"norte","role":"referencia_titular","score":70,"confidence":"baja_no_promover","station_name":"Terranova","station_alias":"TERRANOVA","network_level":"transmision","voltage_kv":230,"gcr_catalog":"norte","record_key":"atlas_sen:c2afa96f5a728c4c0095c91252e0b6a9dfc78c78","universe_key":"ref:atlas_sen:c2afa96f5a728c4c0095c91252e0b6a9dfc78c78","node_id":"","source":"atlas_sen","coordinate_source":"openstreetmap","validation_state":"validada_automatica_fuente_abierta","homonyms_in_scope":1,"evidence":"nombre de subestación presente en el expediente (+45); nombre presente en el título (+15); punto dentro de GCR norte (+15); inventario georreferenciado con estado trazable (+5); nombre de una sola palabra (-10)","shared_by_projects":2}},{"type":"Feature","geometry":{"type":"Point","coordinates":[-100.9394381,25.5491087]},"properties":{"project_id":102,"pem":"P18-NE2","project_name":"Derramadero entronque Ramos Arizpe Potencia - Salero","project_gcr":"noreste","role":"referencia_titular","score":85,"confidence":"media_para_revision","station_name":"S.E. RAMOS  ARIZPE","station_alias":"RAMOS ARIZPE","network_level":"subtransmision","voltage_kv":115,"gcr_catalog":"noreste","record_key":"dgmesnie_geojson:se:ad22b0ba2df2a9cfeda2","universe_key":"se:ad22b0ba2df2a9cfeda2","node_id":"se:ad22b0ba2df2a9cfeda2","source":"dgmesnie_geojson + openstreetmap","coordinate_source":"dgmesnie_geojson","validation_state":"catalogado","homonyms_in_scope":1,"evidence":"nombre de subestación presente en el expediente (+45); nombre presente en el título (+15); punto dentro de GCR noreste (+15); coordenada conciliada por varias fuentes (+5); inventario georreferenciado con estado trazable (+5)","shared_by_projects":2}},{"type":"Feature","geometry":{"type":"Point","coordinates":[-97.504166,20.5091207]},"properties":{"project_id":108,"pem":"M19-OR1","project_name":"Sustitución de Transformadores de Potencia en la subestación Poza Rica 1","project_gcr":"oriental","role":"principal_probable","score":100,"confidence":"alta_para_revision","station_name":"S.E. POZA RICA","station_alias":"POZA RICA","network_level":"transmision","voltage_kv":400,"gcr_catalog":"oriental","record_key":"dgmesnie_geojson:se:456fb8c9e95a44aec695","universe_key":"se:456fb8c9e95a44aec695","node_id":"se:456fb8c9e95a44aec695","source":"atlas_sen + dgmesnie_geojson","coordinate_source":"dgmesnie_geojson","validation_state":"catalogado","homonyms_in_scope":1,"evidence":"nombre de subestación presente en el expediente (+45); mención explícita como SE (+20); nombre presente en el título (+15); punto dentro de GCR oriental (+15); coordenada conciliada por varias fuentes (+5); inventario georreferenciado con estado trazable (+5)","shared_by_projects":2}},{"type":"Feature","geometry":{"type":"Point","coordinates":[-107.4421272,24.5910196]},"properties":{"project_id":114,"pem":"P19-NO2","project_name":"Solución a las restricciones de capacidad de transmisión de cables subterráneos del Noroeste","project_gcr":"noroeste","role":"mencion_tecnica","score":80,"confidence":"media_para_revision","station_name":"SE COSTA RICA","station_alias":"COSTA RICA","network_level":"subtransmision","voltage_kv":115,"gcr_catalog":"noroeste","record_key":"dgmesnie_geojson:se:b9432927bd989d524b4f","universe_key":"se:b9432927bd989d524b4f","node_id":"se:b9432927bd989d524b4f","source":"dgmesnie_geojson + openstreetmap","coordinate_source":"dgmesnie_geojson","validation_state":"catalogado","homonyms_in_scope":1,"evidence":"nombre de subestación presente en el expediente (+45); tensión compatible: 115 kV (+10); punto dentro de GCR noroeste (+15); coordenada conciliada por varias fuentes (+5); inventario georreferenciado con estado trazable (+5)","shared_by_projects":1}},{"type":"Feature","geometry":{"type":"Point","coordinates":[-106.2080501,23.1949343]},"properties":{"project_id":114,"pem":"P19-NO2","project_name":"Solución a las restricciones de capacidad de transmisión de cables subterráneos del Noroeste","project_gcr":"noroeste","role":"mencion_tecnica","score":80,"confidence":"media_para_revision","station_name":"SE VILLA UNION","station_alias":"VILLA UNION","network_level":"subtransmision","voltage_kv":115,"gcr_catalog":"noroeste","record_key":"dgmesnie_geojson:se:6b994e77d76e8bcd10a5","universe_key":"se:6b994e77d76e8bcd10a5","node_id":"se:6b994e77d76e8bcd10a5","source":"dgmesnie_geojson + openstreetmap","coordinate_source":"dgmesnie_geojson","validation_state":"catalogado","homonyms_in_scope":1,"evidence":"nombre de subestación presente en el expediente (+45); tensión compatible: 115 kV (+10); punto dentro de GCR noroeste (+15); coordenada conciliada por varias fuentes (+5); inventario georreferenciado con estado trazable (+5)","shared_by_projects":1}},{"type":"Feature","geometry":{"type":"Point","coordinates":[-107.3842231,24.8033294]},"properties":{"project_id":114,"pem":"P19-NO2","project_name":"Solución a las restricciones de capacidad de transmisión de cables subterráneos del Noroeste","project_gcr":"noroeste","role":"mencion_tecnica","score":75,"confidence":"baja_no_promover","station_name":"S.E. CULIACAN CENTRO","station_alias":"CULIACAN CENTRO","network_level":"subtransmision","voltage_kv":115,"gcr_catalog":"noroeste","record_key":"dgmesnie_geojson:se:dab8a8cc122f5a84ee49","universe_key":"se:dab8a8cc122f5a84ee49","node_id":"se:dab8a8cc122f5a84ee49","source":"dgmesnie_geojson","coordinate_source":"dgmesnie_geojson","validation_state":"catalogado","homonyms_in_scope":1,"evidence":"nombre de subestación presente en el expediente (+45); tensión compatible: 115 kV (+10); punto dentro de GCR noroeste (+15); inventario georreferenciado con estado trazable (+5)","shared_by_projects":1}},{"type":"Feature","geometry":{"type":"Point","coordinates":[-106.4138876,23.202325]},"properties":{"project_id":114,"pem":"P19-NO2","project_name":"Solución a las restricciones de capacidad de transmisión de cables subterráneos del Noroeste","project_gcr":"noroeste","role":"mencion_tecnica","score":75,"confidence":"baja_no_promover","station_name":"SE MAZATLAN CENTRO","station_alias":"MAZATLAN CENTRO","network_level":"subtransmision","voltage_kv":115,"gcr_catalog":"noroeste","record_key":"dgmesnie_geojson:se:1168833597e76a16bddd","universe_key":"se:1168833597e76a16bddd","node_id":"se:1168833597e76a16bddd","source":"dgmesnie_geojson","coordinate_source":"dgmesnie_geojson","validation_state":"catalogado","homonyms_in_scope":1,"evidence":"nombre de subestación presente en el expediente (+45); tensión compatible: 115 kV (+10); punto dentro de GCR noroeste (+15); inventario georreferenciado con estado trazable (+5)","shared_by_projects":2}},{"type":"Feature","geometry":{"type":"Point","coordinates":[-106.425185,23.2493395]},"properties":{"project_id":114,"pem":"P19-NO2","project_name":"Solución a las restricciones de capacidad de transmisión de cables subterráneos del Noroeste","project_gcr":"noroeste","role":"mencion_tecnica","score":75,"confidence":"baja_no_promover","station_name":"SE MAZATLAN NORTE","station_alias":"MAZATLAN NORTE","network_level":"subtransmision","voltage_kv":115,"gcr_catalog":"noroeste","record_key":"dgmesnie_geojson:se:f01a477917f34c605378","universe_key":"se:f01a477917f34c605378","node_id":"se:f01a477917f34c605378","source":"dgmesnie_geojson","coordinate_source":"dgmesnie_geojson","validation_state":"catalogado","homonyms_in_scope":1,"evidence":"nombre de subestación presente en el expediente (+45); tensión compatible: 115 kV (+10); punto dentro de GCR noroeste (+15); inventario georreferenciado con estado trazable (+5)","shared_by_projects":2}},{"type":"Feature","geometry":{"type":"Point","coordinates":[-98.7516213,21.3101778]},"properties":{"project_id":116,"pem":"I19-CE1","project_name":"358 SLT Incremento en capacidad de transm Noreste Centro del País, I19-CE1\r\nEtapa 3","project_gcr":"","role":"componente_declarado","score":85,"confidence":"media_para_revision","station_name":"SE LAS MESAS","station_alias":"LAS MESAS","network_level":"transmision","voltage_kv":400,"gcr_catalog":"noreste","record_key":"dgmesnie_geojson:se:1e49180a7aeb44522fec","universe_key":"se:1e49180a7aeb44522fec","node_id":"se:1e49180a7aeb44522fec","source":"atlas_sen + dgmesnie_geojson","coordinate_source":"dgmesnie_geojson","validation_state":"catalogado","homonyms_in_scope":0,"evidence":"nombre de subestación presente en el expediente (+45); mención explícita como SE (+20); tensión compatible: 400 kV (+10); coordenada conciliada por varias fuentes (+5); inventario georreferenciado con estado trazable (+5)","shared_by_projects":1}},{"type":"Feature","geometry":{"type":"Point","coordinates":[-115.4774021,32.6449634]},"properties":{"project_id":116,"pem":"I19-CE1","project_name":"358 SLT Incremento en capacidad de transm Noreste Centro del País, I19-CE1\r\nEtapa 3","project_gcr":"","role":"referencia_titular","score":70,"confidence":"baja_no_promover","station_name":"S.E CENTRO","station_alias":"CENTRO","network_level":"transmision","voltage_kv":230,"gcr_catalog":"bcalifornia","record_key":"dgmesnie_geojson:se:220ed64308ade829f36f","universe_key":"se:220ed64308ade829f36f","node_id":"se:220ed64308ade829f36f","source":"atlas_sen + dgmesnie_geojson","coordinate_source":"dgmesnie_geojson","validation_state":"catalogado","homonyms_in_scope":0,"evidence":"nombre de subestación presente en el expediente (+45); nombre presente en el título (+15); tensión compatible: 230 kV (+10); coordenada conciliada por varias fuentes (+5); inventario georreferenciado con estado trazable (+5); nombre de una sola palabra (-10)","shared_by_projects":1}},{"type":"Feature","geometry":{"type":"Point","coordinates":[-104.8827983,21.504847]},"properties":{"project_id":119,"pem":"D19-OC1","project_name":"Jauja Banco 1","project_gcr":"occidental","role":"extremo_linea","score":70,"confidence":"baja_no_promover","station_name":"S.E. TABACALERA","station_alias":"TABACALERA","network_level":"subtransmision","voltage_kv":115,"gcr_catalog":"occidental","record_key":"dgmesnie_geojson:se:aee268c6c4dcb07f68b8","universe_key":"se:aee268c6c4dcb07f68b8","node_id":"se:aee268c6c4dcb07f68b8","source":"dgmesnie_geojson + openstreetmap","coordinate_source":"dgmesnie_geojson","validation_state":"catalogado","homonyms_in_scope":1,"evidence":"nombre de subestación presente en el expediente (+45); tensión compatible: 115 kV (+10); punto dentro de GCR occidental (+15); coordenada conciliada por varias fuentes (+5); inventario georreferenciado con estado trazable (+5); nombre de una sola palabra (-10)","shared_by_projects":1}},{"type":"Feature","geometry":{"type":"Point","coordinates":[-105.226004,20.629595]},"properties":{"project_id":120,"pem":"D19-OC2","project_name":"Centro Banco 1","project_gcr":"occidental","role":"extremo_linea","score":80,"confidence":"media_para_revision","station_name":"S.E. VALLARTA I","station_alias":"VALLARTA I","network_level":"subtransmision","voltage_kv":115,"gcr_catalog":"occidental","record_key":"dgmesnie_geojson:se:09b52504401dab4e6e8a","universe_key":"se:09b52504401dab4e6e8a","node_id":"se:09b52504401dab4e6e8a","source":"dgmesnie_geojson + openstreetmap","coordinate_source":"dgmesnie_geojson","validation_state":"catalogado","homonyms_in_scope":1,"evidence":"nombre de subestación presente en el expediente (+45); tensión compatible: 115 kV (+10); punto dentro de GCR occidental (+15); coordenada conciliada por varias fuentes (+5); inventario georreferenciado con estado trazable (+5)","shared_by_projects":2}},{"type":"Feature","geometry":{"type":"Point","coordinates":[-102.7884267,20.8002757]},"properties":{"project_id":121,"pem":"D19-OC4","project_name":"Acatic Banco 1","project_gcr":"occidental","role":"extremo_linea","score":70,"confidence":"baja_no_promover","station_name":"S.E. TEPATITLAN","station_alias":"TEPATITLAN","network_level":"subtransmision","voltage_kv":115,"gcr_catalog":"occidental","record_key":"dgmesnie_geojson:se:158c4452e49a6ccee4a6","universe_key":"se:158c4452e49a6ccee4a6","node_id":"se:158c4452e49a6ccee4a6","source":"dgmesnie_geojson + openstreetmap","coordinate_source":"dgmesnie_geojson","validation_state":"catalogado","homonyms_in_scope":1,"evidence":"nombre de subestación presente en el expediente (+45); tensión compatible: 115 kV (+10); punto dentro de GCR occidental (+15); coordenada conciliada por varias fuentes (+5); inventario georreferenciado con estado trazable (+5); nombre de una sola palabra (-10)","shared_by_projects":1}},{"type":"Feature","geometry":{"type":"Point","coordinates":[-103.7966277,19.6804076]},"properties":{"project_id":122,"pem":"D19-OC5","project_name":"Tolimán Banco 1","project_gcr":"occidental","role":"extremo_linea","score":80,"confidence":"media_para_revision","station_name":"S.E. JUAN RULFO","station_alias":"JUAN RULFO","network_level":"subtransmision","voltage_kv":115,"gcr_catalog":"occidental","record_key":"dgmesnie_geojson:se:c688e668c5bfbeb0642f","universe_key":"se:c688e668c5bfbeb0642f","node_id":"se:c688e668c5bfbeb0642f","source":"dgmesnie_geojson + openstreetmap","coordinate_source":"dgmesnie_geojson","validation_state":"catalogado","homonyms_in_scope":1,"evidence":"nombre de subestación presente en el expediente (+45); tensión compatible: 115 kV (+10); punto dentro de GCR occidental (+15); coordenada conciliada por varias fuentes (+5); inventario georreferenciado con estado trazable (+5)","shared_by_projects":1}},{"type":"Feature","geometry":{"type":"Point","coordinates":[-108.306871,25.4969584]},"properties":{"project_id":126,"pem":"D19-NO4","project_name":"Tamazula Banco 1","project_gcr":"noroeste","role":"extremo_linea","score":80,"confidence":"media_para_revision","station_name":"S.E. SAN RAFAEL","station_alias":"SAN RAFAEL","network_level":"subtransmision","voltage_kv":115,"gcr_catalog":"noroeste","record_key":"dgmesnie_geojson:se:7332d64fb065492ccf21","universe_key":"se:7332d64fb065492ccf21","node_id":"se:7332d64fb065492ccf21","source":"dgmesnie_geojson + openstreetmap","coordinate_source":"dgmesnie_geojson","validation_state":"catalogado","homonyms_in_scope":1,"evidence":"nombre de subestación presente en el expediente (+45); tensión compatible: 115 kV (+10); punto dentro de GCR noroeste (+15); coordenada conciliada por varias fuentes (+5); inventario georreferenciado con estado trazable (+5)","shared_by_projects":1}},{"type":"Feature","geometry":{"type":"Point","coordinates":[-97.48699,25.82266]},"properties":{"project_id":128,"pem":"D19-NE2","project_name":"San Bartolo Banco 1","project_gcr":"","role":"principal_probable","score":70,"confidence":"baja_no_promover","station_name":"1","station_alias":"1","network_level":"subtransmision","voltage_kv":138,"gcr_catalog":"noreste","record_key":"openstreetmap:dcd195cfddba82b73b6244369f8c9e1b8a68ce89","universe_key":"ref:openstreetmap:dcd195cfddba82b73b6244369f8c9e1b8a68ce89","node_id":"","source":"openstreetmap","coordinate_source":"openstreetmap","validation_state":"referencia_secundaria_pendiente_validacion","homonyms_in_scope":0,"evidence":"nombre de subestación presente en el expediente (+45); mención explícita como SE (+20); nombre presente en el título (+15); nombre de una sola palabra (-10)","shared_by_projects":1}},{"type":"Feature","geometry":{"type":"Point","coordinates":[-114.71146,32.4360295]},"properties":{"project_id":129,"pem":"D19-BC1","project_name":"Libramiento Banco 1","project_gcr":"bcalifornia","role":"extremo_linea","score":80,"confidence":"media_para_revision","station_name":"SE PARQUE INDUSTRIAL SAN LUIS","station_alias":"PARQUE INDUSTRIAL SAN LUIS","network_level":"transmision","voltage_kv":230,"gcr_catalog":"bcalifornia","record_key":"dgmesnie_geojson:se:c0391bb7d73a1b8cbef6","universe_key":"se:c0391bb7d73a1b8cbef6","node_id":"se:c0391bb7d73a1b8cbef6","source":"atlas_sen + dgmesnie_geojson","coordinate_source":"dgmesnie_geojson","validation_state":"catalogado","homonyms_in_scope":1,"evidence":"nombre de subestación presente en el expediente (+45); tensión compatible: 230 kV (+10); punto dentro de GCR bcalifornia (+15); coordenada conciliada por varias fuentes (+5); inventario georreferenciado con estado trazable (+5)","shared_by_projects":1}},{"type":"Feature","geometry":{"type":"Point","coordinates":[-110.3372705,24.0349424]},"properties":{"project_id":130,"pem":"CFE20-PCC","project_name":"Olas Altas Banco 2\n(antes Obras de Refuerzo CCC Baja California Sur)","project_gcr":"bcsur","role":"principal_probable","score":100,"confidence":"alta_para_revision","station_name":"Olas Altas","station_alias":"OLAS ALTAS","network_level":"transmision","voltage_kv":230,"gcr_catalog":"bcsur","record_key":"atlas_sen:f72fa24b33630e726bb793cc4ae9e137ca7de3ba","universe_key":"ref:atlas_sen:f72fa24b33630e726bb793cc4ae9e137ca7de3ba","node_id":"","source":"atlas_sen","coordinate_source":"openstreetmap","validation_state":"validada_automatica_fuente_abierta","homonyms_in_scope":1,"evidence":"nombre de subestación presente en el expediente (+45); mención explícita como SE (+20); nombre presente en el título (+15); punto dentro de GCR bcsur (+15); inventario georreferenciado con estado trazable (+5)","shared_by_projects":1}},{"type":"Feature","geometry":{"type":"Point","coordinates":[-103.2869036,20.5606209]},"properties":{"project_id":137,"pem":"P20-OC3","project_name":"Aumento de Capacidad de transformación al suroriente de la zona Metropolitana de Guadalajara (230/69kV)","project_gcr":"occidental","role":"componente_declarado","score":85,"confidence":"media_para_revision","station_name":"S.E. GUADALAJARA II","station_alias":"GUADALAJARA II","network_level":"transmision","voltage_kv":230,"gcr_catalog":"occidental","record_key":"dgmesnie_geojson:se:baabaff2dc0a6c9a86f6","universe_key":"se:baabaff2dc0a6c9a86f6","node_id":"se:baabaff2dc0a6c9a86f6","source":"dgmesnie_geojson","coordinate_source":"dgmesnie_geojson","validation_state":"catalogado","homonyms_in_scope":1,"evidence":"nombre de subestación presente en el expediente (+45); mención explícita como SE (+20); punto dentro de GCR occidental (+15); inventario georreferenciado con estado trazable (+5)","shared_by_projects":1}},{"type":"Feature","geometry":{"type":"Point","coordinates":[-103.2343052,20.4766302]},"properties":{"project_id":137,"pem":"P20-OC3","project_name":"Aumento de Capacidad de transformación al suroriente de la zona Metropolitana de Guadalajara (230/69kV)","project_gcr":"occidental","role":"componente_declarado","score":80,"confidence":"media_para_revision","station_name":"S.E. ATEQUIZA","station_alias":"ATEQUIZA","network_level":"transmision","voltage_kv":400,"gcr_catalog":"occidental","record_key":"dgmesnie_geojson:se:24e5fbe18338d5631ada","universe_key":"se:24e5fbe18338d5631ada","node_id":"se:24e5fbe18338d5631ada","source":"atlas_sen + dgmesnie_geojson","coordinate_source":"dgmesnie_geojson","validation_state":"catalogado","homonyms_in_scope":1,"evidence":"nombre de subestación presente en el expediente (+45); mención explícita como SE (+20); punto dentro de GCR occidental (+15); coordenada conciliada por varias fuentes (+5); inventario georreferenciado con estado trazable (+5); nombre de una sola palabra (-10)","shared_by_projects":1}},{"type":"Feature","geometry":{"type":"Point","coordinates":[-103.25283,20.53005]},"properties":{"project_id":137,"pem":"P20-OC3","project_name":"Aumento de Capacidad de transformación al suroriente de la zona Metropolitana de Guadalajara (230/69kV)","project_gcr":"occidental","role":"componente_declarado","score":75,"confidence":"baja_no_promover","station_name":"El Salto","station_alias":"EL SALTO","network_level":"subtransmision","voltage_kv":69,"gcr_catalog":"occidental","record_key":"openstreetmap:72a04f7ab29d5ff7d41453cfcc1af8db55a8b1d0","universe_key":"ref:openstreetmap:72a04f7ab29d5ff7d41453cfcc1af8db55a8b1d0","node_id":"","source":"openstreetmap","coordinate_source":"openstreetmap","validation_state":"referencia_secundaria_pendiente_validacion","homonyms_in_scope":2,"evidence":"nombre de subestación presente en el expediente (+45); mención explícita como SE (+20); tensión compatible: 69 kV (+10); punto dentro de GCR occidental (+15); homónimo: 2 puntos en el ámbito (-15)","shared_by_projects":1}},{"type":"Feature","geometry":{"type":"Point","coordinates":[-103.31226,20.56991]},"properties":{"project_id":137,"pem":"P20-OC3","project_name":"Aumento de Capacidad de transformación al suroriente de la zona Metropolitana de Guadalajara (230/69kV)","project_gcr":"occidental","role":"componente_declarado","score":75,"confidence":"baja_no_promover","station_name":"Parque Industrial","station_alias":"PARQUE INDUSTRIAL","network_level":"subtransmision","voltage_kv":69,"gcr_catalog":"occidental","record_key":"openstreetmap:47b9b98f11bc2956b7518da20d26c47093d20e30","universe_key":"ref:openstreetmap:47b9b98f11bc2956b7518da20d26c47093d20e30","node_id":"","source":"openstreetmap","coordinate_source":"openstreetmap","validation_state":"referencia_secundaria_pendiente_validacion","homonyms_in_scope":2,"evidence":"nombre de subestación presente en el expediente (+45); mención explícita como SE (+20); tensión compatible: 69 kV (+10); punto dentro de GCR occidental (+15); homónimo: 2 puntos en el ámbito (-15)","shared_by_projects":1}},{"type":"Feature","geometry":{"type":"Point","coordinates":[-103.252853,20.5300185]},"properties":{"project_id":137,"pem":"P20-OC3","project_name":"Aumento de Capacidad de transformación al suroriente de la zona Metropolitana de Guadalajara (230/69kV)","project_gcr":"occidental","role":"componente_declarado","score":70,"confidence":"baja_no_promover","station_name":"S.E. EL SALTO","station_alias":"EL SALTO","network_level":"subtransmision","voltage_kv":115,"gcr_catalog":"occidental","record_key":"dgmesnie_geojson:se:d29651aeeb9ed4d24f61","universe_key":"se:d29651aeeb9ed4d24f61","node_id":"se:d29651aeeb9ed4d24f61","source":"dgmesnie_geojson","coordinate_source":"dgmesnie_geojson","validation_state":"catalogado","homonyms_in_scope":2,"evidence":"nombre de subestación presente en el expediente (+45); mención explícita como SE (+20); punto dentro de GCR occidental (+15); inventario georreferenciado con estado trazable (+5); homónimo: 2 puntos en el ámbito (-15)","shared_by_projects":1}},{"type":"Feature","geometry":{"type":"Point","coordinates":[-103.3122977,20.5699137]},"properties":{"project_id":137,"pem":"P20-OC3","project_name":"Aumento de Capacidad de transformación al suroriente de la zona Metropolitana de Guadalajara (230/69kV)","project_gcr":"occidental","role":"componente_declarado","score":70,"confidence":"baja_no_promover","station_name":"S.E. PARQUE INDUSTRIAL","station_alias":"PARQUE INDUSTRIAL","network_level":"subtransmision","voltage_kv":115,"gcr_catalog":"occidental","record_key":"dgmesnie_geojson:se:769e2f00e103399dea60","universe_key":"se:769e2f00e103399dea60","node_id":"se:769e2f00e103399dea60","source":"dgmesnie_geojson","coordinate_source":"dgmesnie_geojson","validation_state":"catalogado","homonyms_in_scope":2,"evidence":"nombre de subestación presente en el expediente (+45); mención explícita como SE (+20); punto dentro de GCR occidental (+15); inventario georreferenciado con estado trazable (+5); homónimo: 2 puntos en el ámbito (-15)","shared_by_projects":1}},{"type":"Feature","geometry":{"type":"Point","coordinates":[-100.8475132,22.0314785]},"properties":{"project_id":138,"pem":"P20-OC4","project_name":"Aumento de capacidad de suministro para el sur de San Luis Potosí","project_gcr":"occidental","role":"mencion_tecnica","score":80,"confidence":"media_para_revision","station_name":"S.E. LA PILA","station_alias":"LA PILA","network_level":"transmision","voltage_kv":230,"gcr_catalog":"occidental","record_key":"dgmesnie_geojson:se:72007a93eb73ff8441e6","universe_key":"se:72007a93eb73ff8441e6","node_id":"se:72007a93eb73ff8441e6","source":"atlas_sen + dgmesnie_geojson","coordinate_source":"dgmesnie_geojson","validation_state":"catalogado","homonyms_in_scope":1,"evidence":"nombre de subestación presente en el expediente (+45); tensión compatible: 230 kV (+10); punto dentro de GCR occidental (+15); coordenada conciliada por varias fuentes (+5); inventario georreferenciado con estado trazable (+5)","shared_by_projects":1}},{"type":"Feature","geometry":{"type":"Point","coordinates":[-111.004541,29.2012889]},"properties":{"project_id":140,"pem":"P20-NO2","project_name":"Incremento en la capacidad de transformación en la zona Hermosillo","project_gcr":"noroeste","role":"componente_declarado","score":85,"confidence":"media_para_revision","station_name":"Hermosillo Loma","station_alias":"HERMOSILLO LOMA","network_level":"transmision","voltage_kv":230,"gcr_catalog":"noroeste","record_key":"atlas_sen:8cbd3f300c0c9c45bea725976d180fe20a46afa7","universe_key":"ref:atlas_sen:8cbd3f300c0c9c45bea725976d180fe20a46afa7","node_id":"","source":"atlas_sen","coordinate_source":"openstreetmap","validation_state":"validada_automatica_fuente_abierta","homonyms_in_scope":1,"evidence":"nombre de subestación presente en el expediente (+45); mención explícita como SE (+20); punto dentro de GCR noroeste (+15); inventario georreferenciado con estado trazable (+5)","shared_by_projects":1}},{"type":"Feature","geometry":{"type":"Point","coordinates":[-111.0045547,29.2012219]},"properties":{"project_id":140,"pem":"P20-NO2","project_name":"Incremento en la capacidad de transformación en la zona Hermosillo","project_gcr":"noroeste","role":"componente_declarado","score":75,"confidence":"baja_no_promover","station_name":"S.E. LOMA","station_alias":"LOMA","network_level":"transmision","voltage_kv":230,"gcr_catalog":"noroeste","record_key":"dgmesnie_geojson:se:ed6c6adc60bd5b9cc5db","universe_key":"se:ed6c6adc60bd5b9cc5db","node_id":"se:ed6c6adc60bd5b9cc5db","source":"dgmesnie_geojson","coordinate_source":"dgmesnie_geojson","validation_state":"catalogado","homonyms_in_scope":1,"evidence":"nombre de subestación presente en el expediente (+45); mención explícita como SE (+20); punto dentro de GCR noroeste (+15); inventario georreferenciado con estado trazable (+5); nombre de una sola palabra (-10)","shared_by_projects":1}},{"type":"Feature","geometry":{"type":"Point","coordinates":[-107.4056996,24.8221551]},"properties":{"project_id":143,"pem":"P20-NO7","project_name":"Eliminar limitaciones de capacidad en cables subterráneos de las Zonas Hermosillo, Obregón, Los Mochis, Culiacán y Mazatlán","project_gcr":"noroeste","role":"mencion_tecnica","score":80,"confidence":"media_para_revision","station_name":"SE TRES RIOS","station_alias":"TRES RIOS","network_level":"subtransmision","voltage_kv":115,"gcr_catalog":"noroeste","record_key":"dgmesnie_geojson:se:1068b9b299aee7944ca9","universe_key":"se:1068b9b299aee7944ca9","node_id":"se:1068b9b299aee7944ca9","source":"dgmesnie_geojson + openstreetmap","coordinate_source":"dgmesnie_geojson","validation_state":"catalogado","homonyms_in_scope":1,"evidence":"nombre de subestación presente en el expediente (+45); tensión compatible: 115 kV (+10); punto dentro de GCR noroeste (+15); coordenada conciliada por varias fuentes (+5); inventario georreferenciado con estado trazable (+5)","shared_by_projects":1}},{"type":"Feature","geometry":{"type":"Point","coordinates":[-106.4138876,23.202325]},"properties":{"project_id":143,"pem":"P20-NO7","project_name":"Eliminar limitaciones de capacidad en cables subterráneos de las Zonas Hermosillo, Obregón, Los Mochis, Culiacán y Mazatlán","project_gcr":"noroeste","role":"mencion_tecnica","score":75,"confidence":"baja_no_promover","station_name":"SE MAZATLAN CENTRO","station_alias":"MAZATLAN CENTRO","network_level":"subtransmision","voltage_kv":115,"gcr_catalog":"noroeste","record_key":"dgmesnie_geojson:se:1168833597e76a16bddd","universe_key":"se:1168833597e76a16bddd","node_id":"se:1168833597e76a16bddd","source":"dgmesnie_geojson","coordinate_source":"dgmesnie_geojson","validation_state":"catalogado","homonyms_in_scope":1,"evidence":"nombre de subestación presente en el expediente (+45); tensión compatible: 115 kV (+10); punto dentro de GCR noroeste (+15); inventario georreferenciado con estado trazable (+5)","shared_by_projects":2}},{"type":"Feature","geometry":{"type":"Point","coordinates":[-109.925099,27.5240318]},"properties":{"project_id":143,"pem":"P20-NO7","project_name":"Eliminar limitaciones de capacidad en cables subterráneos de las Zonas Hermosillo, Obregón, Los Mochis, Culiacán y Mazatlán","project_gcr":"noroeste","role":"mencion_tecnica","score":75,"confidence":"baja_no_promover","station_name":"SE OBREGON 3","station_alias":"OBREGON 3","network_level":"subtransmision","voltage_kv":115,"gcr_catalog":"noroeste","record_key":"dgmesnie_geojson:se:e5d5d288b15858d2e626","universe_key":"se:e5d5d288b15858d2e626","node_id":"se:e5d5d288b15858d2e626","source":"dgmesnie_geojson","coordinate_source":"dgmesnie_geojson","validation_state":"catalogado","homonyms_in_scope":1,"evidence":"nombre de subestación presente en el expediente (+45); tensión compatible: 115 kV (+10); punto dentro de GCR noroeste (+15); inventario georreferenciado con estado trazable (+5)","shared_by_projects":1}},{"type":"Feature","geometry":{"type":"Point","coordinates":[-107.5072755,24.6978911]},"properties":{"project_id":143,"pem":"P20-NO7","project_name":"Eliminar limitaciones de capacidad en cables subterráneos de las Zonas Hermosillo, Obregón, Los Mochis, Culiacán y Mazatlán","project_gcr":"noroeste","role":"mencion_tecnica","score":70,"confidence":"baja_no_promover","station_name":"S.E. LA HIGUERA","station_alias":"LA HIGUERA","network_level":"transmision","voltage_kv":400,"gcr_catalog":"noroeste","record_key":"dgmesnie_geojson:se:a3f19539444bf0e71217","universe_key":"se:a3f19539444bf0e71217","node_id":"se:a3f19539444bf0e71217","source":"atlas_sen + dgmesnie_geojson","coordinate_source":"dgmesnie_geojson","validation_state":"catalogado","homonyms_in_scope":1,"evidence":"nombre de subestación presente en el expediente (+45); punto dentro de GCR noroeste (+15); coordenada conciliada por varias fuentes (+5); inventario georreferenciado con estado trazable (+5)","shared_by_projects":2}},{"type":"Feature","geometry":{"type":"Point","coordinates":[-111.0042076,29.14561]},"properties":{"project_id":143,"pem":"P20-NO7","project_name":"Eliminar limitaciones de capacidad en cables subterráneos de las Zonas Hermosillo, Obregón, Los Mochis, Culiacán y Mazatlán","project_gcr":"noroeste","role":"mencion_tecnica","score":70,"confidence":"baja_no_promover","station_name":"SE LADRILLERAS","station_alias":"LADRILLERAS","network_level":"subtransmision","voltage_kv":115,"gcr_catalog":"noroeste","record_key":"dgmesnie_geojson:se:95c1d20b4ec7ef1ce7da","universe_key":"se:95c1d20b4ec7ef1ce7da","node_id":"se:95c1d20b4ec7ef1ce7da","source":"dgmesnie_geojson + openstreetmap","coordinate_source":"dgmesnie_geojson","validation_state":"catalogado","homonyms_in_scope":1,"evidence":"nombre de subestación presente en el expediente (+45); tensión compatible: 115 kV (+10); punto dentro de GCR noroeste (+15); coordenada conciliada por varias fuentes (+5); inventario georreferenciado con estado trazable (+5); nombre de una sola palabra (-10)","shared_by_projects":1}},{"type":"Feature","geometry":{"type":"Point","coordinates":[-99.5385237,27.4732228]},"properties":{"project_id":146,"pem":"P20-NE1","project_name":"Soporte de tensión para la zona Nuevo Laredo","project_gcr":"noreste","role":"principal_probable","score":100,"confidence":"alta_para_revision","station_name":"S.E. NUEVO LAREDO","station_alias":"NUEVO LAREDO","network_level":"subtransmision","voltage_kv":115,"gcr_catalog":"noreste","record_key":"dgmesnie_geojson:se:4078e801413068805f38","universe_key":"se:4078e801413068805f38","node_id":"se:4078e801413068805f38","source":"dgmesnie_geojson","coordinate_source":"dgmesnie_geojson","validation_state":"catalogado","homonyms_in_scope":1,"evidence":"nombre de subestación presente en el expediente (+45); mención explícita como SE (+20); nombre presente en el título (+15); punto dentro de GCR noreste (+15); inventario georreferenciado con estado trazable (+5)","shared_by_projects":1}},{"type":"Feature","geometry":{"type":"Point","coordinates":[-98.276171,26.0066195]},"properties":{"project_id":146,"pem":"P20-NE1","project_name":"Soporte de tensión para la zona Nuevo Laredo","project_gcr":"noreste","role":"componente_declarado","score":75,"confidence":"baja_no_promover","station_name":"S.E. MÉXICO","station_alias":"MEXICO","network_level":"subtransmision","voltage_kv":115,"gcr_catalog":"noreste","record_key":"dgmesnie_geojson:se:78835178e55e4ee618ae","universe_key":"se:78835178e55e4ee618ae","node_id":"se:78835178e55e4ee618ae","source":"dgmesnie_geojson","coordinate_source":"dgmesnie_geojson","validation_state":"catalogado","homonyms_in_scope":1,"evidence":"nombre de subestación presente en el expediente (+45); mención explícita como SE (+20); punto dentro de GCR noreste (+15); inventario georreferenciado con estado trazable (+5); nombre de una sola palabra (-10)","shared_by_projects":1}},{"type":"Feature","geometry":{"type":"Point","coordinates":[-100.1417181,19.2834019]},"properties":{"project_id":154,"pem":"M20-CE1","project_name":"Modernización de Equipos de Protección y Control de Bancos de capacitores serie CS1, CS2 y CS3 de Subestación Donato Guerra","project_gcr":"central","role":"principal_probable","score":85,"confidence":"media_para_revision","station_name":"Donato Guerra","station_alias":"DONATO GUERRA","network_level":"transmision","voltage_kv":400,"gcr_catalog":"central","record_key":"atlas_sen:00719582eb98bef00d8b8d56439be078f0126fc6","universe_key":"ref:atlas_sen:00719582eb98bef00d8b8d56439be078f0126fc6","node_id":"","source":"atlas_sen","coordinate_source":"openstreetmap","validation_state":"validada_automatica_fuente_abierta","homonyms_in_scope":3,"evidence":"nombre de subestación presente en el expediente (+45); mención explícita como SE (+20); nombre presente en el título (+15); punto dentro de GCR central (+15); inventario georreferenciado con estado trazable (+5); homónimo: 3 puntos en el ámbito (-15)","shared_by_projects":2}},{"type":"Feature","geometry":{"type":"Point","coordinates":[-100.1416721,19.283539]},"properties":{"project_id":154,"pem":"M20-CE1","project_name":"Modernización de Equipos de Protección y Control de Bancos de capacitores serie CS1, CS2 y CS3 de Subestación Donato Guerra","project_gcr":"central","role":"principal_probable","score":85,"confidence":"media_para_revision","station_name":"S.E. DONATO GUERRA","station_alias":"DONATO GUERRA","network_level":"subtransmision","voltage_kv":115,"gcr_catalog":"central","record_key":"dgmesnie_geojson:se:6ffc96dc0f080a641074","universe_key":"se:6ffc96dc0f080a641074","node_id":"se:6ffc96dc0f080a641074","source":"dgmesnie_geojson","coordinate_source":"dgmesnie_geojson","validation_state":"catalogado","homonyms_in_scope":3,"evidence":"nombre de subestación presente en el expediente (+45); mención explícita como SE (+20); nombre presente en el título (+15); punto dentro de GCR central (+15); inventario georreferenciado con estado trazable (+5); homónimo: 3 puntos en el ámbito (-15)","shared_by_projects":2}},{"type":"Feature","geometry":{"type":"Point","coordinates":[-100.1416298,19.2832876]},"properties":{"project_id":154,"pem":"M20-CE1","project_name":"Modernización de Equipos de Protección y Control de Bancos de capacitores serie CS1, CS2 y CS3 de Subestación Donato Guerra","project_gcr":"central","role":"principal_probable","score":85,"confidence":"media_para_revision","station_name":"S.E. DONATO GUERRA","station_alias":"DONATO GUERRA","network_level":"subtransmision","voltage_kv":115,"gcr_catalog":"central","record_key":"dgmesnie_geojson:se:aa8a8fdfbf8d7c80ea09","universe_key":"se:aa8a8fdfbf8d7c80ea09","node_id":"se:aa8a8fdfbf8d7c80ea09","source":"dgmesnie_geojson","coordinate_source":"dgmesnie_geojson","validation_state":"catalogado","homonyms_in_scope":3,"evidence":"nombre de subestación presente en el expediente (+45); mención explícita como SE (+20); nombre presente en el título (+15); punto dentro de GCR central (+15); inventario georreferenciado con estado trazable (+5); homónimo: 3 puntos en el ámbito (-15)","shared_by_projects":2}},{"type":"Feature","geometry":{"type":"Point","coordinates":[-94.3995222,18.0291344]},"properties":{"project_id":156,"pem":"M20-OR1","project_name":"Modernización equipo de Equipo Primario, de Protección, Control, Comunicaciones y Medición en la Subestación Minatitlán II 115 Kv","project_gcr":"oriental","role":"principal_probable","score":100,"confidence":"alta_para_revision","station_name":"S.E. MINATITLAN II","station_alias":"MINATITLAN II","network_level":"transmision","voltage_kv":400,"gcr_catalog":"oriental","record_key":"dgmesnie_geojson:se:8cea3d1239578d35667a","universe_key":"se:8cea3d1239578d35667a","node_id":"se:8cea3d1239578d35667a","source":"atlas_sen + dgmesnie_geojson","coordinate_source":"dgmesnie_geojson","validation_state":"catalogado","homonyms_in_scope":1,"evidence":"nombre de subestación presente en el expediente (+45); mención explícita como SE (+20); nombre presente en el título (+15); punto dentro de GCR oriental (+15); coordenada conciliada por varias fuentes (+5); inventario georreferenciado con estado trazable (+5)","shared_by_projects":2}},{"type":"Feature","geometry":{"type":"Point","coordinates":[-103.9947516,23.7149111]},"properties":{"project_id":161,"pem":"M20-NT2","project_name":"Modernización de la red de transmisión de la zona Durango","project_gcr":"norte","role":"extremo_linea","score":80,"confidence":"media_para_revision","station_name":"S.E. VICENTE GUERRERO","station_alias":"VICENTE GUERRERO","network_level":"subtransmision","voltage_kv":115,"gcr_catalog":"norte","record_key":"dgmesnie_geojson:se:904e2fc3fa9094977058","universe_key":"se:904e2fc3fa9094977058","node_id":"se:904e2fc3fa9094977058","source":"dgmesnie_geojson + openstreetmap","coordinate_source":"dgmesnie_geojson","validation_state":"catalogado","homonyms_in_scope":1,"evidence":"nombre de subestación presente en el expediente (+45); tensión compatible: 115 kV (+10); punto dentro de GCR norte (+15); coordenada conciliada por varias fuentes (+5); inventario georreferenciado con estado trazable (+5)","shared_by_projects":1}},{"type":"Feature","geometry":{"type":"Point","coordinates":[-101.0922352,25.2174782]},"properties":{"project_id":162,"pem":"M20-NE1","project_name":"Adición de protecciones 87B a subestaciones de la red de transmisión en el ámbito de la Gerencia Regional de Transmisión Noreste","project_gcr":"noreste","role":"mencion_tecnica","score":70,"confidence":"baja_no_promover","station_name":"S.E AGUA NUEVA","station_alias":"AGUA NUEVA","network_level":"subtransmision","voltage_kv":115,"gcr_catalog":"noreste","record_key":"dgmesnie_geojson:se:08d1e7b7c42ac1b0c83d","universe_key":"se:08d1e7b7c42ac1b0c83d","node_id":"se:08d1e7b7c42ac1b0c83d","source":"dgmesnie_geojson + openstreetmap","coordinate_source":"dgmesnie_geojson","validation_state":"catalogado","homonyms_in_scope":1,"evidence":"nombre de subestación presente en el expediente (+45); punto dentro de GCR noreste (+15); coordenada conciliada por varias fuentes (+5); inventario georreferenciado con estado trazable (+5)","shared_by_projects":1}},{"type":"Feature","geometry":{"type":"Point","coordinates":[-100.2978223,25.6723005]},"properties":{"project_id":162,"pem":"M20-NE1","project_name":"Adición de protecciones 87B a subestaciones de la red de transmisión en el ámbito de la Gerencia Regional de Transmisión Noreste","project_gcr":"noreste","role":"mencion_tecnica","score":70,"confidence":"baja_no_promover","station_name":"S.E. FELIX U. GOMEZ","station_alias":"FELIX U GOMEZ","network_level":"subtransmision","voltage_kv":115,"gcr_catalog":"noreste","record_key":"dgmesnie_geojson:se:0809f104ed0290124e71","universe_key":"se:0809f104ed0290124e71","node_id":"se:0809f104ed0290124e71","source":"dgmesnie_geojson + openstreetmap","coordinate_source":"dgmesnie_geojson","validation_state":"catalogado","homonyms_in_scope":1,"evidence":"nombre de subestación presente en el expediente (+45); punto dentro de GCR noreste (+15); coordenada conciliada por varias fuentes (+5); inventario georreferenciado con estado trazable (+5)","shared_by_projects":1}},{"type":"Feature","geometry":{"type":"Point","coordinates":[-100.9394381,25.5491087]},"properties":{"project_id":162,"pem":"M20-NE1","project_name":"Adición de protecciones 87B a subestaciones de la red de transmisión en el ámbito de la Gerencia Regional de Transmisión Noreste","project_gcr":"noreste","role":"mencion_tecnica","score":70,"confidence":"baja_no_promover","station_name":"S.E. RAMOS  ARIZPE","station_alias":"RAMOS ARIZPE","network_level":"subtransmision","voltage_kv":115,"gcr_catalog":"noreste","record_key":"dgmesnie_geojson:se:ad22b0ba2df2a9cfeda2","universe_key":"se:ad22b0ba2df2a9cfeda2","node_id":"se:ad22b0ba2df2a9cfeda2","source":"dgmesnie_geojson + openstreetmap","coordinate_source":"dgmesnie_geojson","validation_state":"catalogado","homonyms_in_scope":1,"evidence":"nombre de subestación presente en el expediente (+45); punto dentro de GCR noreste (+15); coordenada conciliada por varias fuentes (+5); inventario georreferenciado con estado trazable (+5)","shared_by_projects":2}},{"type":"Feature","geometry":{"type":"Point","coordinates":[-100.6925238,28.4839207]},"properties":{"project_id":162,"pem":"M20-NE1","project_name":"Adición de protecciones 87B a subestaciones de la red de transmisión en el ámbito de la Gerencia Regional de Transmisión Noreste","project_gcr":"noreste","role":"mencion_tecnica","score":70,"confidence":"baja_no_promover","station_name":"S.E. RIO ESCONDIDO","station_alias":"RIO ESCONDIDO","network_level":"transmision","voltage_kv":400,"gcr_catalog":"noreste","record_key":"dgmesnie_geojson:se:3556e3b04a7b23340a8f","universe_key":"se:3556e3b04a7b23340a8f","node_id":"se:3556e3b04a7b23340a8f","source":"atlas_sen + dgmesnie_geojson","coordinate_source":"dgmesnie_geojson","validation_state":"catalogado","homonyms_in_scope":1,"evidence":"nombre de subestación presente en el expediente (+45); punto dentro de GCR noreste (+15); coordenada conciliada por varias fuentes (+5); inventario georreferenciado con estado trazable (+5)","shared_by_projects":3}},{"type":"Feature","geometry":{"type":"Point","coordinates":[-100.1486318,25.4295608]},"properties":{"project_id":162,"pem":"M20-NE1","project_name":"Adición de protecciones 87B a subestaciones de la red de transmisión en el ámbito de la Gerencia Regional de Transmisión Noreste","project_gcr":"noreste","role":"mencion_tecnica","score":70,"confidence":"baja_no_promover","station_name":"S.E. VILLA DE SANTIAGO","station_alias":"VILLA DE SANTIAGO","network_level":"subtransmision","voltage_kv":115,"gcr_catalog":"noreste","record_key":"dgmesnie_geojson:se:fbfc652baaedff4eb3ad","universe_key":"se:fbfc652baaedff4eb3ad","node_id":"se:fbfc652baaedff4eb3ad","source":"dgmesnie_geojson + openstreetmap","coordinate_source":"dgmesnie_geojson","validation_state":"catalogado","homonyms_in_scope":1,"evidence":"nombre de subestación presente en el expediente (+45); punto dentro de GCR noreste (+15); coordenada conciliada por varias fuentes (+5); inventario georreferenciado con estado trazable (+5)","shared_by_projects":1}},{"type":"Feature","geometry":{"type":"Point","coordinates":[-100.5534058,25.7099192]},"properties":{"project_id":163,"pem":"M20-NE2","project_name":"Reemplazo de transformadores de potencia por término de su vida útil","project_gcr":"noreste","role":"componente_declarado","score":90,"confidence":"alta_para_revision","station_name":"S.E. VILLA DE GARCIA","station_alias":"VILLA DE GARCIA","network_level":"transmision","voltage_kv":400,"gcr_catalog":"noreste","record_key":"dgmesnie_geojson:se:480705dfdbecac60ab0a","universe_key":"se:480705dfdbecac60ab0a","node_id":"se:480705dfdbecac60ab0a","source":"atlas_sen + dgmesnie_geojson","coordinate_source":"dgmesnie_geojson","validation_state":"catalogado","homonyms_in_scope":1,"evidence":"nombre de subestación presente en el expediente (+45); mención explícita como SE (+20); punto dentro de GCR noreste (+15); coordenada conciliada por varias fuentes (+5); inventario georreferenciado con estado trazable (+5)","shared_by_projects":2}},{"type":"Feature","geometry":{"type":"Point","coordinates":[-98.0624845,25.9809129]},"properties":{"project_id":163,"pem":"M20-NE2","project_name":"Reemplazo de transformadores de potencia por término de su vida útil","project_gcr":"noreste","role":"componente_declarado","score":85,"confidence":"media_para_revision","station_name":"S.E. RIO BRAVO","station_alias":"RIO BRAVO","network_level":"subtransmision","voltage_kv":115,"gcr_catalog":"noreste","record_key":"dgmesnie_geojson:se:d933734d619020ad3564","universe_key":"se:d933734d619020ad3564","node_id":"se:d933734d619020ad3564","source":"dgmesnie_geojson","coordinate_source":"dgmesnie_geojson","validation_state":"catalogado","homonyms_in_scope":1,"evidence":"nombre de subestación presente en el expediente (+45); mención explícita como SE (+20); punto dentro de GCR noreste (+15); inventario georreferenciado con estado trazable (+5)","shared_by_projects":1}},{"type":"Feature","geometry":{"type":"Point","coordinates":[-100.3672408,25.865221]},"properties":{"project_id":163,"pem":"M20-NE2","project_name":"Reemplazo de transformadores de potencia por término de su vida útil","project_gcr":"noreste","role":"componente_declarado","score":80,"confidence":"media_para_revision","station_name":"S.E. ESCOBEDO","station_alias":"ESCOBEDO","network_level":"transmision","voltage_kv":400,"gcr_catalog":"noreste","record_key":"dgmesnie_geojson:se:3d330237a50f3dab5d84","universe_key":"se:3d330237a50f3dab5d84","node_id":"se:3d330237a50f3dab5d84","source":"atlas_sen + dgmesnie_geojson","coordinate_source":"dgmesnie_geojson","validation_state":"catalogado","homonyms_in_scope":1,"evidence":"nombre de subestación presente en el expediente (+45); mención explícita como SE (+20); punto dentro de GCR noreste (+15); coordenada conciliada por varias fuentes (+5); inventario georreferenciado con estado trazable (+5); nombre de una sola palabra (-10)","shared_by_projects":1}},{"type":"Feature","geometry":{"type":"Point","coordinates":[-100.100911,25.7212418]},"properties":{"project_id":163,"pem":"M20-NE2","project_name":"Reemplazo de transformadores de potencia por término de su vida útil","project_gcr":"noreste","role":"componente_declarado","score":80,"confidence":"media_para_revision","station_name":"S.E. HUINALA","station_alias":"HUINALA","network_level":"transmision","voltage_kv":400,"gcr_catalog":"noreste","record_key":"dgmesnie_geojson:se:d2d189e24e2af0b202b6","universe_key":"se:d2d189e24e2af0b202b6","node_id":"se:d2d189e24e2af0b202b6","source":"atlas_sen + dgmesnie_geojson","coordinate_source":"dgmesnie_geojson","validation_state":"catalogado","homonyms_in_scope":1,"evidence":"nombre de subestación presente en el expediente (+45); mención explícita como SE (+20); punto dentro de GCR noreste (+15); coordenada conciliada por varias fuentes (+5); inventario georreferenciado con estado trazable (+5); nombre de una sola palabra (-10)","shared_by_projects":1}},{"type":"Feature","geometry":{"type":"Point","coordinates":[-100.8107086,28.4188932]},"properties":{"project_id":163,"pem":"M20-NE2","project_name":"Reemplazo de transformadores de potencia por término de su vida útil","project_gcr":"noreste","role":"componente_declarado","score":80,"confidence":"media_para_revision","station_name":"S.E. NAVA","station_alias":"NAVA","network_level":"transmision","voltage_kv":230,"gcr_catalog":"noreste","record_key":"dgmesnie_geojson:se:accb759bb7c4453d726b","universe_key":"se:accb759bb7c4453d726b","node_id":"se:accb759bb7c4453d726b","source":"atlas_sen + dgmesnie_geojson","coordinate_source":"dgmesnie_geojson","validation_state":"catalogado","homonyms_in_scope":1,"evidence":"nombre de subestación presente en el expediente (+45); mención explícita como SE (+20); punto dentro de GCR noreste (+15); coordenada conciliada por varias fuentes (+5); inventario georreferenciado con estado trazable (+5); nombre de una sola palabra (-10)","shared_by_projects":1}},{"type":"Feature","geometry":{"type":"Point","coordinates":[-100.3350214,25.6640943]},"properties":{"project_id":163,"pem":"M20-NE2","project_name":"Reemplazo de transformadores de potencia por término de su vida útil","project_gcr":"noreste","role":"componente_declarado","score":80,"confidence":"media_para_revision","station_name":"S.E. RIO","station_alias":"RIO","network_level":"subtransmision","voltage_kv":115,"gcr_catalog":"noreste","record_key":"dgmesnie_geojson:se:a7440aa9f66578755a9b","universe_key":"se:a7440aa9f66578755a9b","node_id":"se:a7440aa9f66578755a9b","source":"dgmesnie_geojson + openstreetmap","coordinate_source":"dgmesnie_geojson","validation_state":"catalogado","homonyms_in_scope":1,"evidence":"nombre de subestación presente en el expediente (+45); mención explícita como SE (+20); punto dentro de GCR noreste (+15); coordenada conciliada por varias fuentes (+5); inventario georreferenciado con estado trazable (+5); nombre de una sola palabra (-10)","shared_by_projects":2}},{"type":"Feature","geometry":{"type":"Point","coordinates":[-101.016365,25.4471236]},"properties":{"project_id":163,"pem":"M20-NE2","project_name":"Reemplazo de transformadores de potencia por término de su vida útil","project_gcr":"noreste","role":"componente_declarado","score":80,"confidence":"media_para_revision","station_name":"S.E. SALTILLO","station_alias":"SALTILLO","network_level":"transmision","voltage_kv":230,"gcr_catalog":"noreste","record_key":"dgmesnie_geojson:se:57a120c44c5423f0aebc","universe_key":"se:57a120c44c5423f0aebc","node_id":"se:57a120c44c5423f0aebc","source":"atlas_sen + dgmesnie_geojson","coordinate_source":"dgmesnie_geojson","validation_state":"catalogado","homonyms_in_scope":1,"evidence":"nombre de subestación presente en el expediente (+45); mención explícita como SE (+20); punto dentro de GCR noreste (+15); coordenada conciliada por varias fuentes (+5); inventario georreferenciado con estado trazable (+5); nombre de una sola palabra (-10)","shared_by_projects":1}},{"type":"Feature","geometry":{"type":"Point","coordinates":[-97.504166,20.5091207]},"properties":{"project_id":167,"pem":"CFE20-TUC","project_name":"Obras de Refuerzo CCC Tuxpan Fase I","project_gcr":"oriental","role":"componente_declarado","score":90,"confidence":"alta_para_revision","station_name":"S.E. POZA RICA","station_alias":"POZA RICA","network_level":"transmision","voltage_kv":400,"gcr_catalog":"oriental","record_key":"dgmesnie_geojson:se:456fb8c9e95a44aec695","universe_key":"se:456fb8c9e95a44aec695","node_id":"se:456fb8c9e95a44aec695","source":"atlas_sen + dgmesnie_geojson","coordinate_source":"dgmesnie_geojson","validation_state":"catalogado","homonyms_in_scope":1,"evidence":"nombre de subestación presente en el expediente (+45); mención explícita como SE (+20); punto dentro de GCR oriental (+15); coordenada conciliada por varias fuentes (+5); inventario georreferenciado con estado trazable (+5)","shared_by_projects":2}},{"type":"Feature","geometry":{"type":"Point","coordinates":[-97.3348037,21.0171872]},"properties":{"project_id":167,"pem":"CFE20-TUC","project_name":"Obras de Refuerzo CCC Tuxpan Fase I","project_gcr":"oriental","role":"principal_probable","score":90,"confidence":"alta_para_revision","station_name":"S.E. TUXPAN","station_alias":"TUXPAN","network_level":"subtransmision","voltage_kv":115,"gcr_catalog":"oriental","record_key":"dgmesnie_geojson:se:77724fc03dc162d098d9","universe_key":"se:77724fc03dc162d098d9","node_id":"se:77724fc03dc162d098d9","source":"dgmesnie_geojson","coordinate_source":"dgmesnie_geojson","validation_state":"catalogado","homonyms_in_scope":1,"evidence":"nombre de subestación presente en el expediente (+45); mención explícita como SE (+20); nombre presente en el título (+15); punto dentro de GCR oriental (+15); inventario georreferenciado con estado trazable (+5); nombre de una sola palabra (-10)","shared_by_projects":1}},{"type":"Feature","geometry":{"type":"Point","coordinates":[-97.5042015,20.5094248]},"properties":{"project_id":167,"pem":"CFE20-TUC","project_name":"Obras de Refuerzo CCC Tuxpan Fase I","project_gcr":"oriental","role":"componente_declarado","score":90,"confidence":"alta_para_revision","station_name":"SE POZA RICA II","station_alias":"POZA RICA II","network_level":"transmision","voltage_kv":400,"gcr_catalog":"oriental","record_key":"dgmesnie_geojson:se:bf75518ba77b3f55f9f3","universe_key":"se:bf75518ba77b3f55f9f3","node_id":"se:bf75518ba77b3f55f9f3","source":"atlas_sen + dgmesnie_geojson","coordinate_source":"dgmesnie_geojson","validation_state":"catalogado","homonyms_in_scope":1,"evidence":"nombre de subestación presente en el expediente (+45); mención explícita como SE (+20); punto dentro de GCR oriental (+15); coordenada conciliada por varias fuentes (+5); inventario georreferenciado con estado trazable (+5)","shared_by_projects":1}},{"type":"Feature","geometry":{"type":"Point","coordinates":[-97.3359392,21.0140951]},"properties":{"project_id":167,"pem":"CFE20-TUC","project_name":"Obras de Refuerzo CCC Tuxpan Fase I","project_gcr":"oriental","role":"componente_declarado","score":85,"confidence":"media_para_revision","station_name":"Tuxpan Vapor","station_alias":"TUXPAN VAPOR","network_level":"transmision","voltage_kv":400,"gcr_catalog":"oriental","record_key":"atlas_sen:0fcc4c968da0a26b41f6f94c9f16991e37fc34f9","universe_key":"ref:atlas_sen:0fcc4c968da0a26b41f6f94c9f16991e37fc34f9","node_id":"","source":"atlas_sen","coordinate_source":"openstreetmap","validation_state":"validada_automatica_fuente_abierta","homonyms_in_scope":1,"evidence":"nombre de subestación presente en el expediente (+45); mención explícita como SE (+20); punto dentro de GCR oriental (+15); inventario georreferenciado con estado trazable (+5)","shared_by_projects":1}},{"type":"Feature","geometry":{"type":"Point","coordinates":[-90.7626808,18.6107787]},"properties":{"project_id":168,"pem":"CFE20-VAC-R","project_name":"Obras de Refuerzo CCC Valladolid","project_gcr":"peninsular","role":"componente_declarado","score":100,"confidence":"alta_para_revision","station_name":"S.E. ESCARCEGA POTENCIA","station_alias":"ESCARCEGA POTENCIA","network_level":"transmision","voltage_kv":400,"gcr_catalog":"peninsular","record_key":"dgmesnie_geojson:se:5cb232d77feb4d8aa31b","universe_key":"se:5cb232d77feb4d8aa31b","node_id":"se:5cb232d77feb4d8aa31b","source":"atlas_sen + dgmesnie_geojson","coordinate_source":"dgmesnie_geojson","validation_state":"catalogado","homonyms_in_scope":1,"evidence":"nombre de subestación presente en el expediente (+45); mención explícita como SE (+20); tensión compatible: 400 kV (+10); punto dentro de GCR peninsular (+15); coordenada conciliada por varias fuentes (+5); inventario georreferenciado con estado trazable (+5)","shared_by_projects":1}},{"type":"Feature","geometry":{"type":"Point","coordinates":[-86.8470606,21.0674795]},"properties":{"project_id":168,"pem":"CFE20-VAC-R","project_name":"Obras de Refuerzo CCC Valladolid","project_gcr":"peninsular","role":"componente_declarado","score":80,"confidence":"media_para_revision","station_name":"S.E. NIZUC","station_alias":"NIZUC","network_level":"transmision","voltage_kv":230,"gcr_catalog":"peninsular","record_key":"dgmesnie_geojson:se:4b311f421f4fd2cd1622","universe_key":"se:4b311f421f4fd2cd1622","node_id":"se:4b311f421f4fd2cd1622","source":"atlas_sen + dgmesnie_geojson","coordinate_source":"dgmesnie_geojson","validation_state":"catalogado","homonyms_in_scope":1,"evidence":"nombre de subestación presente en el expediente (+45); mención explícita como SE (+20); punto dentro de GCR peninsular (+15); coordenada conciliada por varias fuentes (+5); inventario georreferenciado con estado trazable (+5); nombre de una sola palabra (-10)","shared_by_projects":1}},{"type":"Feature","geometry":{"type":"Point","coordinates":[-88.2665152,20.6978233]},"properties":{"project_id":168,"pem":"CFE20-VAC-R","project_name":"Obras de Refuerzo CCC Valladolid","project_gcr":"peninsular","role":"referencia_titular","score":75,"confidence":"baja_no_promover","station_name":"S.E. VALLADOLID","station_alias":"VALLADOLID","network_level":"transmision","voltage_kv":230,"gcr_catalog":"peninsular","record_key":"dgmesnie_geojson:se:501c03ac09a7966ca4e0","universe_key":"se:501c03ac09a7966ca4e0","node_id":"se:501c03ac09a7966ca4e0","source":"atlas_sen + dgmesnie_geojson","coordinate_source":"dgmesnie_geojson","validation_state":"catalogado","homonyms_in_scope":1,"evidence":"nombre de subestación presente en el expediente (+45); nombre presente en el título (+15); punto dentro de GCR peninsular (+15); coordenada conciliada por varias fuentes (+5); inventario georreferenciado con estado trazable (+5); nombre de una sola palabra (-10)","shared_by_projects":2}},{"type":"Feature","geometry":{"type":"Point","coordinates":[-98.8397527,19.5437858]},"properties":{"project_id":176,"pem":"P21-CE1","project_name":"Incremento en la capacidad de transmisión en el corredor Teotihuacán - Texcoco en 400 kV.","project_gcr":"central","role":"extremo_linea","score":85,"confidence":"media_para_revision","station_name":"S.E. TEXCOCO","station_alias":"TEXCOCO","network_level":"transmision","voltage_kv":400,"gcr_catalog":"central","record_key":"dgmesnie_geojson:se:1ba988b1d58efe32e683","universe_key":"se:1ba988b1d58efe32e683","node_id":"se:1ba988b1d58efe32e683","source":"atlas_sen + dgmesnie_geojson","coordinate_source":"dgmesnie_geojson","validation_state":"catalogado","homonyms_in_scope":1,"evidence":"nombre de subestación presente en el expediente (+45); nombre presente en el título (+15); tensión compatible: 400 kV (+10); punto dentro de GCR central (+15); coordenada conciliada por varias fuentes (+5); inventario georreferenciado con estado trazable (+5); nombre de una sola palabra (-10)","shared_by_projects":1}},{"type":"Feature","geometry":{"type":"Point","coordinates":[-98.8668087,19.6639256]},"properties":{"project_id":176,"pem":"P21-CE1","project_name":"Incremento en la capacidad de transmisión en el corredor Teotihuacán - Texcoco en 400 kV.","project_gcr":"central","role":"extremo_linea","score":70,"confidence":"baja_no_promover","station_name":"S.E. TEOTIHUACAN","station_alias":"TEOTIHUACAN","network_level":"subtransmision","voltage_kv":115,"gcr_catalog":"central","record_key":"dgmesnie_geojson:se:8e3623d25a1f4b2475a2","universe_key":"se:8e3623d25a1f4b2475a2","node_id":"se:8e3623d25a1f4b2475a2","source":"dgmesnie_geojson","coordinate_source":"dgmesnie_geojson","validation_state":"catalogado","homonyms_in_scope":1,"evidence":"nombre de subestación presente en el expediente (+45); nombre presente en el título (+15); punto dentro de GCR central (+15); inventario georreferenciado con estado trazable (+5); nombre de una sola palabra (-10)","shared_by_projects":1}},{"type":"Feature","geometry":{"type":"Point","coordinates":[-99.20847,19.53233]},"properties":{"project_id":182,"pem":"P21-OC4","project_name":"Incremento de transformación en la zona Querétaro","project_gcr":"central","role":"componente_declarado","score":80,"confidence":"media_para_revision","station_name":"La Loma","station_alias":"LA LOMA","network_level":"subtransmision","voltage_kv":85,"gcr_catalog":"central","record_key":"openstreetmap:e39d0ecaa690fb88b714d2788b7dcc000ab14480","universe_key":"ref:openstreetmap:e39d0ecaa690fb88b714d2788b7dcc000ab14480","node_id":"","source":"openstreetmap","coordinate_source":"openstreetmap","validation_state":"referencia_secundaria_pendiente_validacion","homonyms_in_scope":1,"evidence":"nombre de subestación presente en el expediente (+45); mención explícita como SE (+20); punto dentro de GCR central (+15)","shared_by_projects":1}},{"type":"Feature","geometry":{"type":"Point","coordinates":[-104.6024362,21.3942643]},"properties":{"project_id":184,"pem":"P21-OC8","project_name":"Aumento de capacidad de transformación y transmisión entre las zonas Tepic y Vallarta","project_gcr":"occidental","role":"extremo_linea","score":80,"confidence":"media_para_revision","station_name":"S.E. CERRO BLANCO","station_alias":"CERRO BLANCO","network_level":"transmision","voltage_kv":400,"gcr_catalog":"occidental","record_key":"dgmesnie_geojson:se:bc070391e92bd88e6c93","universe_key":"se:bc070391e92bd88e6c93","node_id":"se:bc070391e92bd88e6c93","source":"atlas_sen + dgmesnie_geojson","coordinate_source":"dgmesnie_geojson","validation_state":"catalogado","homonyms_in_scope":1,"evidence":"nombre de subestación presente en el expediente (+45); tensión compatible: 400 kV (+10); punto dentro de GCR occidental (+15); coordenada conciliada por varias fuentes (+5); inventario georreferenciado con estado trazable (+5)","shared_by_projects":2}},{"type":"Feature","geometry":{"type":"Point","coordinates":[-105.2886756,20.7614565]},"properties":{"project_id":184,"pem":"P21-OC8","project_name":"Aumento de capacidad de transformación y transmisión entre las zonas Tepic y Vallarta","project_gcr":"occidental","role":"extremo_linea","score":75,"confidence":"baja_no_promover","station_name":"Nuevo Vallarta","station_alias":"NUEVO VALLARTA","network_level":"transmision","voltage_kv":230,"gcr_catalog":"occidental","record_key":"atlas_sen:a3bfaa88777394cd258a70c22a5bf3fe61bf9d7c","universe_key":"ref:atlas_sen:a3bfaa88777394cd258a70c22a5bf3fe61bf9d7c","node_id":"","source":"atlas_sen","coordinate_source":"openstreetmap","validation_state":"validada_automatica_fuente_abierta","homonyms_in_scope":1,"evidence":"nombre de subestación presente en el expediente (+45); tensión compatible: 230 kV (+10); punto dentro de GCR occidental (+15); inventario georreferenciado con estado trazable (+5)","shared_by_projects":2}},{"type":"Feature","geometry":{"type":"Point","coordinates":[-106.425185,23.2493395]},"properties":{"project_id":186,"pem":"P21-NO4","project_name":"Eliminar restricciones de capacidad de transmisión cables subterráneos en 115 kV de la SE Mazatlán Tecnológico","project_gcr":"noroeste","role":"extremo_linea","score":75,"confidence":"baja_no_promover","station_name":"SE MAZATLAN NORTE","station_alias":"MAZATLAN NORTE","network_level":"subtransmision","voltage_kv":115,"gcr_catalog":"noroeste","record_key":"dgmesnie_geojson:se:f01a477917f34c605378","universe_key":"se:f01a477917f34c605378","node_id":"se:f01a477917f34c605378","source":"dgmesnie_geojson","coordinate_source":"dgmesnie_geojson","validation_state":"catalogado","homonyms_in_scope":1,"evidence":"nombre de subestación presente en el expediente (+45); tensión compatible: 115 kV (+10); punto dentro de GCR noroeste (+15); inventario georreferenciado con estado trazable (+5)","shared_by_projects":2}},{"type":"Feature","geometry":{"type":"Point","coordinates":[-90.6129791,19.7944537]},"properties":{"project_id":188,"pem":"P21-PE1","project_name":"Aumento en la Confiabilidad del Suministro Eléctrico en la Zona Campeche","project_gcr":"peninsular","role":"componente_declarado","score":80,"confidence":"media_para_revision","station_name":"S.E. LERMA","station_alias":"LERMA","network_level":"transmision","voltage_kv":230,"gcr_catalog":"peninsular","record_key":"dgmesnie_geojson:se:4cca75244a8a99cd59a9","universe_key":"se:4cca75244a8a99cd59a9","node_id":"se:4cca75244a8a99cd59a9","source":"atlas_sen + dgmesnie_geojson + openstreetmap","coordinate_source":"dgmesnie_geojson","validation_state":"catalogado","homonyms_in_scope":1,"evidence":"nombre de subestación presente en el expediente (+45); mención explícita como SE (+20); punto dentro de GCR peninsular (+15); coordenada conciliada por varias fuentes (+5); inventario georreferenciado con estado trazable (+5); nombre de una sola palabra (-10)","shared_by_projects":1}},{"type":"Feature","geometry":{"type":"Point","coordinates":[-116.8782506,32.445103]},"properties":{"project_id":189,"pem":"P21-BC1","project_name":"Incremento de capacidad de transformación con relación de transformación230/115/69 kV en la zona Tijuana","project_gcr":"bcalifornia","role":"componente_declarado","score":90,"confidence":"alta_para_revision","station_name":"S.E. METROPOLI POTENCIA","station_alias":"METROPOLI POTENCIA","network_level":"transmision","voltage_kv":230,"gcr_catalog":"bcalifornia","record_key":"dgmesnie_geojson:se:9bec5a2b0da198be9e11","universe_key":"se:9bec5a2b0da198be9e11","node_id":"se:9bec5a2b0da198be9e11","source":"atlas_sen + dgmesnie_geojson","coordinate_source":"dgmesnie_geojson","validation_state":"catalogado","homonyms_in_scope":1,"evidence":"nombre de subestación presente en el expediente (+45); mención explícita como SE (+20); punto dentro de GCR bcalifornia (+15); coordenada conciliada por varias fuentes (+5); inventario georreferenciado con estado trazable (+5)","shared_by_projects":1}},{"type":"Feature","geometry":{"type":"Point","coordinates":[-99.2833417,19.4817636]},"properties":{"project_id":191,"pem":"M21-CE1","project_name":"Modernización parcial del CEV Nopala (+300/-90 MVAr): Controlador, Protecciones, Válvula de Tiristores y Sistema de Enfriamiento","project_gcr":"central","role":"principal_probable","score":90,"confidence":"alta_para_revision","station_name":"S.E. NOPALA","station_alias":"NOPALA","network_level":"subtransmision","voltage_kv":115,"gcr_catalog":"central","record_key":"dgmesnie_geojson:se:5fa2e93a8821aa2552b1","universe_key":"se:5fa2e93a8821aa2552b1","node_id":"se:5fa2e93a8821aa2552b1","source":"dgmesnie_geojson","coordinate_source":"dgmesnie_geojson","validation_state":"catalogado","homonyms_in_scope":1,"evidence":"nombre de subestación presente en el expediente (+45); mención explícita como SE (+20); nombre presente en el título (+15); punto dentro de GCR central (+15); inventario georreferenciado con estado trazable (+5); nombre de una sola palabra (-10)","shared_by_projects":1}},{"type":"Feature","geometry":{"type":"Point","coordinates":[-98.73335,20.113]},"properties":{"project_id":192,"pem":"M21-CE2","project_name":"Adecuación de Subestaciones Eléctricas Hidalgo y Cubitos","project_gcr":"central","role":"principal_probable","score":95,"confidence":"alta_para_revision","station_name":"Cubitos","station_alias":"CUBITOS","network_level":"subtransmision","voltage_kv":85,"gcr_catalog":"central","record_key":"openstreetmap:a5820bd51ebb057cc925e6030d30cede45249f60","universe_key":"ref:openstreetmap:a5820bd51ebb057cc925e6030d30cede45249f60","node_id":"","source":"openstreetmap","coordinate_source":"openstreetmap","validation_state":"referencia_secundaria_pendiente_validacion","homonyms_in_scope":1,"evidence":"nombre de subestación presente en el expediente (+45); mención explícita como SE (+20); nombre presente en el título (+15); tensión compatible: 85 kV (+10); punto dentro de GCR central (+15); nombre de una sola palabra (-10)","shared_by_projects":1}},{"type":"Feature","geometry":{"type":"Point","coordinates":[-98.7601546,20.117199]},"properties":{"project_id":192,"pem":"M21-CE2","project_name":"Adecuación de Subestaciones Eléctricas Hidalgo y Cubitos","project_gcr":"central","role":"extremo_linea","score":70,"confidence":"baja_no_promover","station_name":"SE PACHUCA","station_alias":"PACHUCA","network_level":"subtransmision","voltage_kv":85,"gcr_catalog":"central","record_key":"dgmesnie_geojson:se:7aa07b7ebe12a320471b","universe_key":"se:7aa07b7ebe12a320471b","node_id":"se:7aa07b7ebe12a320471b","source":"dgmesnie_geojson + openstreetmap","coordinate_source":"dgmesnie_geojson","validation_state":"catalogado","homonyms_in_scope":1,"evidence":"nombre de subestación presente en el expediente (+45); tensión compatible: 85 kV (+10); punto dentro de GCR central (+15); coordenada conciliada por varias fuentes (+5); inventario georreferenciado con estado trazable (+5); nombre de una sola palabra (-10)","shared_by_projects":2}},{"type":"Feature","geometry":{"type":"Point","coordinates":[-105.2886756,20.7614565]},"properties":{"project_id":206,"pem":"P22-OC1","project_name":"360 SE Atención al suministro en la Zona Vallarta","project_gcr":"occidental","role":"componente_declarado","score":85,"confidence":"media_para_revision","station_name":"Nuevo Vallarta","station_alias":"NUEVO VALLARTA","network_level":"transmision","voltage_kv":230,"gcr_catalog":"occidental","record_key":"atlas_sen:a3bfaa88777394cd258a70c22a5bf3fe61bf9d7c","universe_key":"ref:atlas_sen:a3bfaa88777394cd258a70c22a5bf3fe61bf9d7c","node_id":"","source":"atlas_sen","coordinate_source":"openstreetmap","validation_state":"validada_automatica_fuente_abierta","homonyms_in_scope":1,"evidence":"nombre de subestación presente en el expediente (+45); mención explícita como SE (+20); punto dentro de GCR occidental (+15); inventario georreferenciado con estado trazable (+5)","shared_by_projects":2}},{"type":"Feature","geometry":{"type":"Point","coordinates":[-105.226004,20.629595]},"properties":{"project_id":206,"pem":"P22-OC1","project_name":"360 SE Atención al suministro en la Zona Vallarta","project_gcr":"occidental","role":"extremo_linea","score":80,"confidence":"media_para_revision","station_name":"S.E. VALLARTA I","station_alias":"VALLARTA I","network_level":"subtransmision","voltage_kv":115,"gcr_catalog":"occidental","record_key":"dgmesnie_geojson:se:09b52504401dab4e6e8a","universe_key":"se:09b52504401dab4e6e8a","node_id":"se:09b52504401dab4e6e8a","source":"dgmesnie_geojson + openstreetmap","coordinate_source":"dgmesnie_geojson","validation_state":"catalogado","homonyms_in_scope":1,"evidence":"nombre de subestación presente en el expediente (+45); tensión compatible: 115 kV (+10); punto dentro de GCR occidental (+15); coordenada conciliada por varias fuentes (+5); inventario georreferenciado con estado trazable (+5)","shared_by_projects":2}},{"type":"Feature","geometry":{"type":"Point","coordinates":[-104.9031423,21.2491052]},"properties":{"project_id":206,"pem":"P22-OC1","project_name":"360 SE Atención al suministro en la Zona Vallarta","project_gcr":"occidental","role":"extremo_linea","score":70,"confidence":"baja_no_promover","station_name":"S.E. COMPOSTELA","station_alias":"COMPOSTELA","network_level":"subtransmision","voltage_kv":115,"gcr_catalog":"occidental","record_key":"dgmesnie_geojson:se:8ba85d7070c3e9412be0","universe_key":"se:8ba85d7070c3e9412be0","node_id":"se:8ba85d7070c3e9412be0","source":"dgmesnie_geojson + openstreetmap","coordinate_source":"dgmesnie_geojson","validation_state":"catalogado","homonyms_in_scope":1,"evidence":"nombre de subestación presente en el expediente (+45); tensión compatible: 115 kV (+10); punto dentro de GCR occidental (+15); coordenada conciliada por varias fuentes (+5); inventario georreferenciado con estado trazable (+5); nombre de una sola palabra (-10)","shared_by_projects":1}},{"type":"Feature","geometry":{"type":"Point","coordinates":[-100.9719904,29.2814901]},"properties":{"project_id":208,"pem":"P22-NE1","project_name":"362 SE Refuerzo de la Red de la Zona Piedras Negras","project_gcr":"noreste","role":"componente_declarado","score":85,"confidence":"media_para_revision","station_name":"Los Novillos","station_alias":"LOS NOVILLOS","network_level":"transmision","voltage_kv":230,"gcr_catalog":"noreste","record_key":"atlas_sen:8d54569a37f8a10b6d7f1aea8151e9aeeb5319b8","universe_key":"ref:atlas_sen:8d54569a37f8a10b6d7f1aea8151e9aeeb5319b8","node_id":"","source":"atlas_sen","coordinate_source":"openstreetmap","validation_state":"validada_automatica_fuente_abierta","homonyms_in_scope":1,"evidence":"nombre de subestación presente en el expediente (+45); mención explícita como SE (+20); punto dentro de GCR noreste (+15); inventario georreferenciado con estado trazable (+5)","shared_by_projects":1}},{"type":"Feature","geometry":{"type":"Point","coordinates":[-100.544903,28.7019435]},"properties":{"project_id":208,"pem":"P22-NE1","project_name":"362 SE Refuerzo de la Red de la Zona Piedras Negras","project_gcr":"noreste","role":"extremo_linea","score":80,"confidence":"media_para_revision","station_name":"S.E. PIEDRAS NEGRAS","station_alias":"PIEDRAS NEGRAS","network_level":"subtransmision","voltage_kv":115,"gcr_catalog":"noreste","record_key":"dgmesnie_geojson:se:ee029cb129784edec197","universe_key":"se:ee029cb129784edec197","node_id":"se:ee029cb129784edec197","source":"dgmesnie_geojson","coordinate_source":"dgmesnie_geojson","validation_state":"catalogado","homonyms_in_scope":1,"evidence":"nombre de subestación presente en el expediente (+45); nombre presente en el título (+15); punto dentro de GCR noreste (+15); inventario georreferenciado con estado trazable (+5)","shared_by_projects":1}},{"type":"Feature","geometry":{"type":"Point","coordinates":[-111.0425419,29.6887941]},"properties":{"project_id":215,"pem":"P22-NO3","project_name":"Compensación capacitiva en el corredor de 115 kV entre las zonas Hermosillo y Santa Ana","project_gcr":"noroeste","role":"componente_declarado","score":90,"confidence":"alta_para_revision","station_name":"SE OASIS","station_alias":"OASIS","network_level":"subtransmision","voltage_kv":115,"gcr_catalog":"noroeste","record_key":"dgmesnie_geojson:se:8896b7457160da98967a","universe_key":"se:8896b7457160da98967a","node_id":"se:8896b7457160da98967a","source":"dgmesnie_geojson + openstreetmap","coordinate_source":"dgmesnie_geojson","validation_state":"catalogado","homonyms_in_scope":1,"evidence":"nombre de subestación presente en el expediente (+45); mención explícita como SE (+20); tensión compatible: 115 kV (+10); punto dentro de GCR noroeste (+15); coordenada conciliada por varias fuentes (+5); inventario georreferenciado con estado trazable (+5); nombre de una sola palabra (-10)","shared_by_projects":1}},{"type":"Feature","geometry":{"type":"Point","coordinates":[-111.1315095,30.5252114]},"properties":{"project_id":215,"pem":"P22-NO3","project_name":"Compensación capacitiva en el corredor de 115 kV entre las zonas Hermosillo y Santa Ana","project_gcr":"noroeste","role":"referencia_titular","score":85,"confidence":"media_para_revision","station_name":"S.E. SANTA ANA","station_alias":"SANTA ANA","network_level":"transmision","voltage_kv":230,"gcr_catalog":"noroeste","record_key":"dgmesnie_geojson:se:4eb9ace0666e3bb0a689","universe_key":"se:4eb9ace0666e3bb0a689","node_id":"se:4eb9ace0666e3bb0a689","source":"atlas_sen + dgmesnie_geojson","coordinate_source":"dgmesnie_geojson","validation_state":"catalogado","homonyms_in_scope":1,"evidence":"nombre de subestación presente en el expediente (+45); nombre presente en el título (+15); punto dentro de GCR noroeste (+15); coordenada conciliada por varias fuentes (+5); inventario georreferenciado con estado trazable (+5)","shared_by_projects":2}},{"type":"Feature","geometry":{"type":"Point","coordinates":[-116.883464,32.5154594]},"properties":{"project_id":218,"pem":"P22-BC1","project_name":"Compensación capacitiva en la red de 69 kV, de la zona Tijuana","project_gcr":"bcalifornia","role":"componente_declarado","score":85,"confidence":"media_para_revision","station_name":"S.E. TIJUANA I","station_alias":"TIJUANA I","network_level":"transmision","voltage_kv":230,"gcr_catalog":"bcalifornia","record_key":"dgmesnie_geojson:se:4a1ed6f83da2d5803bef","universe_key":"se:4a1ed6f83da2d5803bef","node_id":"se:4a1ed6f83da2d5803bef","source":"dgmesnie_geojson","coordinate_source":"dgmesnie_geojson","validation_state":"catalogado","homonyms_in_scope":1,"evidence":"nombre de subestación presente en el expediente (+45); mención explícita como SE (+20); punto dentro de GCR bcalifornia (+15); inventario georreferenciado con estado trazable (+5)","shared_by_projects":2}},{"type":"Feature","geometry":{"type":"Point","coordinates":[-116.9253337,32.4714524]},"properties":{"project_id":218,"pem":"P22-BC1","project_name":"Compensación capacitiva en la red de 69 kV, de la zona Tijuana","project_gcr":"bcalifornia","role":"componente_declarado","score":75,"confidence":"baja_no_promover","station_name":"S.E. SEMINARIO","station_alias":"SEMINARIO","network_level":"subtransmision","voltage_kv":115,"gcr_catalog":"bcalifornia","record_key":"dgmesnie_geojson:se:7f4b7e982b5e38045582","universe_key":"se:7f4b7e982b5e38045582","node_id":"se:7f4b7e982b5e38045582","source":"dgmesnie_geojson","coordinate_source":"dgmesnie_geojson","validation_state":"catalogado","homonyms_in_scope":1,"evidence":"nombre de subestación presente en el expediente (+45); mención explícita como SE (+20); punto dentro de GCR bcalifornia (+15); inventario georreferenciado con estado trazable (+5); nombre de una sola palabra (-10)","shared_by_projects":1}},{"type":"Feature","geometry":{"type":"Point","coordinates":[-104.3173738,19.0270254]},"properties":{"project_id":223,"pem":"P23-OC1","project_name":"Compensación Reactiva en la red de 400 kV Gerencia Occidental","project_gcr":"occidental","role":"componente_declarado","score":85,"confidence":"media_para_revision","station_name":"Manzanillo","station_alias":"MANZANILLO","network_level":"transmision","voltage_kv":400,"gcr_catalog":"occidental","record_key":"atlas_sen:8a4c3e86c1c71fda350bf04d3afad990249d3f16","universe_key":"ref:atlas_sen:8a4c3e86c1c71fda350bf04d3afad990249d3f16","node_id":"","source":"atlas_sen","coordinate_source":"openstreetmap","validation_state":"validada_automatica_fuente_abierta","homonyms_in_scope":1,"evidence":"nombre de subestación presente en el expediente (+45); mención explícita como SE (+20); tensión compatible: 400 kV (+10); punto dentro de GCR occidental (+15); inventario georreferenciado con estado trazable (+5); nombre de una sola palabra (-10)","shared_by_projects":1}},{"type":"Feature","geometry":{"type":"Point","coordinates":[-103.7747675,19.2804168]},"properties":{"project_id":224,"pem":"P23-OC2","project_name":"Incremento en la Transformación de la Zona Colima","project_gcr":"occidental","role":"componente_declarado","score":90,"confidence":"alta_para_revision","station_name":"S.E. COLIMA II","station_alias":"COLIMA II","network_level":"transmision","voltage_kv":230,"gcr_catalog":"occidental","record_key":"dgmesnie_geojson:se:a88ebc56b4b16bffa78d","universe_key":"se:a88ebc56b4b16bffa78d","node_id":"se:a88ebc56b4b16bffa78d","source":"atlas_sen + dgmesnie_geojson","coordinate_source":"dgmesnie_geojson","validation_state":"catalogado","homonyms_in_scope":1,"evidence":"nombre de subestación presente en el expediente (+45); mención explícita como SE (+20); punto dentro de GCR occidental (+15); coordenada conciliada por varias fuentes (+5); inventario georreferenciado con estado trazable (+5)","shared_by_projects":1}},{"type":"Feature","geometry":{"type":"Point","coordinates":[-104.2758014,19.0510856]},"properties":{"project_id":224,"pem":"P23-OC2","project_name":"Incremento en la Transformación de la Zona Colima","project_gcr":"occidental","role":"componente_declarado","score":80,"confidence":"media_para_revision","station_name":"S.E. COLOMO","station_alias":"COLOMO","network_level":"transmision","voltage_kv":230,"gcr_catalog":"occidental","record_key":"dgmesnie_geojson:se:22153be2bb71037bbfb7","universe_key":"se:22153be2bb71037bbfb7","node_id":"se:22153be2bb71037bbfb7","source":"atlas_sen + dgmesnie_geojson","coordinate_source":"dgmesnie_geojson","validation_state":"catalogado","homonyms_in_scope":1,"evidence":"nombre de subestación presente en el expediente (+45); mención explícita como SE (+20); punto dentro de GCR occidental (+15); coordenada conciliada por varias fuentes (+5); inventario georreferenciado con estado trazable (+5); nombre de una sola palabra (-10)","shared_by_projects":1}},{"type":"Feature","geometry":{"type":"Point","coordinates":[-100.6925238,28.4839207]},"properties":{"project_id":227,"pem":"I23-NT1","project_name":"Red de Transmisión para la integración de la generación Noroeste - Norte","project_gcr":"","role":"componente_declarado","score":85,"confidence":"media_para_revision","station_name":"S.E. RIO ESCONDIDO","station_alias":"RIO ESCONDIDO","network_level":"transmision","voltage_kv":400,"gcr_catalog":"noreste","record_key":"dgmesnie_geojson:se:3556e3b04a7b23340a8f","universe_key":"se:3556e3b04a7b23340a8f","node_id":"se:3556e3b04a7b23340a8f","source":"atlas_sen + dgmesnie_geojson","coordinate_source":"dgmesnie_geojson","validation_state":"catalogado","homonyms_in_scope":0,"evidence":"nombre de subestación presente en el expediente (+45); mención explícita como SE (+20); tensión compatible: 400 kV (+10); coordenada conciliada por varias fuentes (+5); inventario georreferenciado con estado trazable (+5)","shared_by_projects":3}},{"type":"Feature","geometry":{"type":"Point","coordinates":[-103.3087805,25.4548376]},"properties":{"project_id":227,"pem":"I23-NT1","project_name":"Red de Transmisión para la integración de la generación Noroeste - Norte","project_gcr":"","role":"componente_declarado","score":85,"confidence":"media_para_revision","station_name":"S.E. TORREON SUR","station_alias":"TORREON SUR","network_level":"transmision","voltage_kv":400,"gcr_catalog":"norte","record_key":"dgmesnie_geojson:se:abdcba1ee4e2f5fe6f8c","universe_key":"se:abdcba1ee4e2f5fe6f8c","node_id":"se:abdcba1ee4e2f5fe6f8c","source":"atlas_sen + dgmesnie_geojson","coordinate_source":"dgmesnie_geojson","validation_state":"catalogado","homonyms_in_scope":0,"evidence":"nombre de subestación presente en el expediente (+45); mención explícita como SE (+20); tensión compatible: 400 kV (+10); coordenada conciliada por varias fuentes (+5); inventario georreferenciado con estado trazable (+5)","shared_by_projects":1}},{"type":"Feature","geometry":{"type":"Point","coordinates":[-105.9141626,28.4436896]},"properties":{"project_id":227,"pem":"I23-NT1","project_name":"Red de Transmisión para la integración de la generación Noroeste - Norte","project_gcr":"","role":"componente_declarado","score":70,"confidence":"baja_no_promover","station_name":"S.E. EL ENCINO","station_alias":"EL ENCINO","network_level":"subtransmision","voltage_kv":115,"gcr_catalog":"norte","record_key":"dgmesnie_geojson:se:2e42e75942b5099ecb8a","universe_key":"se:2e42e75942b5099ecb8a","node_id":"se:2e42e75942b5099ecb8a","source":"dgmesnie_geojson","coordinate_source":"dgmesnie_geojson","validation_state":"catalogado","homonyms_in_scope":0,"evidence":"nombre de subestación presente en el expediente (+45); mención explícita como SE (+20); inventario georreferenciado con estado trazable (+5)","shared_by_projects":1}},{"type":"Feature","geometry":{"type":"Point","coordinates":[-101.067073,22.7582839]},"properties":{"project_id":227,"pem":"I23-NT1","project_name":"Red de Transmisión para la integración de la generación Noroeste - Norte","project_gcr":"","role":"componente_declarado","score":70,"confidence":"baja_no_promover","station_name":"S.E. MOCTEZUMA","station_alias":"MOCTEZUMA","network_level":"transmision","voltage_kv":400,"gcr_catalog":"occidental","record_key":"dgmesnie_geojson:se:39df045db5f348c1010e","universe_key":"se:39df045db5f348c1010e","node_id":"se:39df045db5f348c1010e","source":"dgmesnie_geojson","coordinate_source":"dgmesnie_geojson","validation_state":"catalogado","homonyms_in_scope":0,"evidence":"nombre de subestación presente en el expediente (+45); mención explícita como SE (+20); tensión compatible: 400 kV (+10); inventario georreferenciado con estado trazable (+5); nombre de una sola palabra (-10)","shared_by_projects":1}},{"type":"Feature","geometry":{"type":"Point","coordinates":[-115.0606601,32.3619798]},"properties":{"project_id":230,"pem":"P23-BC1","project_name":"Incremento en la confiabilidad de suministro de la SE Victoria Potencia","project_gcr":"bcalifornia","role":"extremo_linea","score":70,"confidence":"baja_no_promover","station_name":"S.E CHAPULTEPEC","station_alias":"CHAPULTEPEC","network_level":"transmision","voltage_kv":230,"gcr_catalog":"bcalifornia","record_key":"dgmesnie_geojson:se:105250ff21f8f7ed9a6a","universe_key":"se:105250ff21f8f7ed9a6a","node_id":"se:105250ff21f8f7ed9a6a","source":"atlas_sen + dgmesnie_geojson","coordinate_source":"dgmesnie_geojson","validation_state":"catalogado","homonyms_in_scope":1,"evidence":"nombre de subestación presente en el expediente (+45); tensión compatible: 230 kV (+10); punto dentro de GCR bcalifornia (+15); coordenada conciliada por varias fuentes (+5); inventario georreferenciado con estado trazable (+5); nombre de una sola palabra (-10)","shared_by_projects":1}},{"type":"Feature","geometry":{"type":"Point","coordinates":[-101.4661024,20.906589]},"properties":{"project_id":238,"pem":"P24-OC2","project_name":"Suministro de energía para la red eléctrica del Puerto Interior en la zona Irapuato","project_gcr":"occidental","role":"extremo_linea","score":75,"confidence":"baja_no_promover","station_name":"Silao Potencia","station_alias":"SILAO POTENCIA","network_level":"transmision","voltage_kv":230,"gcr_catalog":"occidental","record_key":"atlas_sen:492461ca0cb91b86d0328696536eab4f43f64640","universe_key":"ref:atlas_sen:492461ca0cb91b86d0328696536eab4f43f64640","node_id":"","source":"atlas_sen","coordinate_source":"openstreetmap","validation_state":"validada_automatica_fuente_abierta","homonyms_in_scope":1,"evidence":"nombre de subestación presente en el expediente (+45); tensión compatible: 230 kV (+10); punto dentro de GCR occidental (+15); inventario georreferenciado con estado trazable (+5)","shared_by_projects":1}},{"type":"Feature","geometry":{"type":"Point","coordinates":[-110.9708455,31.1619385]},"properties":{"project_id":242,"pem":"P24-NO3","project_name":"Suministro de energía para la zona Nogales","project_gcr":"noroeste","role":"extremo_linea","score":80,"confidence":"media_para_revision","station_name":"S.E. NOGALES AEROPUERTO","station_alias":"NOGALES AEROPUERTO","network_level":"transmision","voltage_kv":230,"gcr_catalog":"noroeste","record_key":"dgmesnie_geojson:se:8c576653ed0cec8a68dd","universe_key":"se:8c576653ed0cec8a68dd","node_id":"se:8c576653ed0cec8a68dd","source":"atlas_sen + dgmesnie_geojson","coordinate_source":"dgmesnie_geojson","validation_state":"catalogado","homonyms_in_scope":1,"evidence":"nombre de subestación presente en el expediente (+45); tensión compatible: 230 kV (+10); punto dentro de GCR noroeste (+15); coordenada conciliada por varias fuentes (+5); inventario georreferenciado con estado trazable (+5)","shared_by_projects":1}},{"type":"Feature","geometry":{"type":"Point","coordinates":[-110.9601362,31.3113582]},"properties":{"project_id":242,"pem":"P24-NO3","project_name":"Suministro de energía para la zona Nogales","project_gcr":"noroeste","role":"extremo_linea","score":80,"confidence":"media_para_revision","station_name":"S.E. NOGALES NORTE","station_alias":"NOGALES NORTE","network_level":"subtransmision","voltage_kv":115,"gcr_catalog":"noroeste","record_key":"dgmesnie_geojson:se:36e94cdfc657f94002cb","universe_key":"se:36e94cdfc657f94002cb","node_id":"se:36e94cdfc657f94002cb","source":"dgmesnie_geojson + openstreetmap","coordinate_source":"dgmesnie_geojson","validation_state":"catalogado","homonyms_in_scope":1,"evidence":"nombre de subestación presente en el expediente (+45); tensión compatible: 115 kV (+10); punto dentro de GCR noroeste (+15); coordenada conciliada por varias fuentes (+5); inventario georreferenciado con estado trazable (+5)","shared_by_projects":1}},{"type":"Feature","geometry":{"type":"Point","coordinates":[-110.9709674,31.2574922]},"properties":{"project_id":242,"pem":"P24-NO3","project_name":"Suministro de energía para la zona Nogales","project_gcr":"noroeste","role":"extremo_linea","score":80,"confidence":"media_para_revision","station_name":"SE NUEVO NOGALES","station_alias":"NUEVO NOGALES","network_level":"subtransmision","voltage_kv":115,"gcr_catalog":"noroeste","record_key":"dgmesnie_geojson:se:07dfa5cf81b568a75b4c","universe_key":"se:07dfa5cf81b568a75b4c","node_id":"se:07dfa5cf81b568a75b4c","source":"dgmesnie_geojson + openstreetmap","coordinate_source":"dgmesnie_geojson","validation_state":"catalogado","homonyms_in_scope":1,"evidence":"nombre de subestación presente en el expediente (+45); tensión compatible: 115 kV (+10); punto dentro de GCR noroeste (+15); coordenada conciliada por varias fuentes (+5); inventario georreferenciado con estado trazable (+5)","shared_by_projects":1}},{"type":"Feature","geometry":{"type":"Point","coordinates":[-106.4720657,31.4776024]},"properties":{"project_id":243,"pem":"P24-NT1","project_name":"Incremento de capacidad en la red de transmisión de la zona urbana de Juárez","project_gcr":"norte","role":"componente_declarado","score":95,"confidence":"alta_para_revision","station_name":"Norte Cereso","station_alias":"NORTE CERESO","network_level":"transmision","voltage_kv":230,"gcr_catalog":"norte","record_key":"atlas_sen:fb334bb2e6ea6db8de92d24f82b5983c9d9d7b50","universe_key":"ref:atlas_sen:fb334bb2e6ea6db8de92d24f82b5983c9d9d7b50","node_id":"","source":"atlas_sen","coordinate_source":"openstreetmap","validation_state":"validada_automatica_fuente_abierta","homonyms_in_scope":1,"evidence":"nombre de subestación presente en el expediente (+45); mención explícita como SE (+20); tensión compatible: 230 kV (+10); punto dentro de GCR norte (+15); inventario georreferenciado con estado trazable (+5)","shared_by_projects":1}},{"type":"Feature","geometry":{"type":"Point","coordinates":[-106.4061325,31.5548139]},"properties":{"project_id":243,"pem":"P24-NT1","project_name":"Incremento de capacidad en la red de transmisión de la zona urbana de Juárez","project_gcr":"norte","role":"componente_declarado","score":85,"confidence":"media_para_revision","station_name":"Terranova","station_alias":"TERRANOVA","network_level":"transmision","voltage_kv":230,"gcr_catalog":"norte","record_key":"atlas_sen:c2afa96f5a728c4c0095c91252e0b6a9dfc78c78","universe_key":"ref:atlas_sen:c2afa96f5a728c4c0095c91252e0b6a9dfc78c78","node_id":"","source":"atlas_sen","coordinate_source":"openstreetmap","validation_state":"validada_automatica_fuente_abierta","homonyms_in_scope":1,"evidence":"nombre de subestación presente en el expediente (+45); mención explícita como SE (+20); tensión compatible: 230 kV (+10); punto dentro de GCR norte (+15); inventario georreferenciado con estado trazable (+5); nombre de una sola palabra (-10)","shared_by_projects":2}},{"type":"Feature","geometry":{"type":"Point","coordinates":[-106.4942205,31.3113451]},"properties":{"project_id":243,"pem":"P24-NT1","project_name":"Incremento de capacidad en la red de transmisión de la zona urbana de Juárez","project_gcr":"norte","role":"extremo_linea","score":80,"confidence":"media_para_revision","station_name":"S.E. SAMALAYUCA SUR","station_alias":"SAMALAYUCA SUR","network_level":"transmision","voltage_kv":230,"gcr_catalog":"norte","record_key":"dgmesnie_geojson:se:56452a0327b0af76c0aa","universe_key":"se:56452a0327b0af76c0aa","node_id":"se:56452a0327b0af76c0aa","source":"atlas_sen + dgmesnie_geojson","coordinate_source":"dgmesnie_geojson","validation_state":"catalogado","homonyms_in_scope":1,"evidence":"nombre de subestación presente en el expediente (+45); tensión compatible: 230 kV (+10); punto dentro de GCR norte (+15); coordenada conciliada por varias fuentes (+5); inventario georreferenciado con estado trazable (+5)","shared_by_projects":1}},{"type":"Feature","geometry":{"type":"Point","coordinates":[-106.4724533,31.4762072]},"properties":{"project_id":243,"pem":"P24-NT1","project_name":"Incremento de capacidad en la red de transmisión de la zona urbana de Juárez","project_gcr":"norte","role":"componente_declarado","score":70,"confidence":"baja_no_promover","station_name":"S.E CERESO","station_alias":"CERESO","network_level":"transmision","voltage_kv":230,"gcr_catalog":"norte","record_key":"dgmesnie_geojson:se:87aee325a581db88a27a","universe_key":"se:87aee325a581db88a27a","node_id":"se:87aee325a581db88a27a","source":"dgmesnie_geojson","coordinate_source":"dgmesnie_geojson","validation_state":"catalogado","homonyms_in_scope":3,"evidence":"nombre de subestación presente en el expediente (+45); mención explícita como SE (+20); tensión compatible: 230 kV (+10); punto dentro de GCR norte (+15); inventario georreferenciado con estado trazable (+5); homónimo: 3 puntos en el ámbito (-15); nombre de una sola palabra (-10)","shared_by_projects":1}},{"type":"Feature","geometry":{"type":"Point","coordinates":[-106.4885733,31.333699]},"properties":{"project_id":243,"pem":"P24-NT1","project_name":"Incremento de capacidad en la red de transmisión de la zona urbana de Juárez","project_gcr":"norte","role":"extremo_linea","score":70,"confidence":"baja_no_promover","station_name":"S.E. SAMALAYUCA","station_alias":"SAMALAYUCA","network_level":"transmision","voltage_kv":230,"gcr_catalog":"norte","record_key":"dgmesnie_geojson:se:dfda414acf8ba2a00031","universe_key":"se:dfda414acf8ba2a00031","node_id":"se:dfda414acf8ba2a00031","source":"atlas_sen + dgmesnie_geojson","coordinate_source":"dgmesnie_geojson","validation_state":"catalogado","homonyms_in_scope":1,"evidence":"nombre de subestación presente en el expediente (+45); tensión compatible: 230 kV (+10); punto dentro de GCR norte (+15); coordenada conciliada por varias fuentes (+5); inventario georreferenciado con estado trazable (+5); nombre de una sola palabra (-10)","shared_by_projects":1}},{"type":"Feature","geometry":{"type":"Point","coordinates":[-116.5603591,31.8741696]},"properties":{"project_id":247,"pem":"P24-BC2","project_name":"Incremento en la capacidad de suministro en la región de Valle de Guadalupe","project_gcr":"bcalifornia","role":"componente_declarado","score":75,"confidence":"baja_no_promover","station_name":"S.E. LOMAS","station_alias":"LOMAS","network_level":"transmision","voltage_kv":230,"gcr_catalog":"bcalifornia","record_key":"dgmesnie_geojson:se:68205751ca0a68e0491e","universe_key":"se:68205751ca0a68e0491e","node_id":"se:68205751ca0a68e0491e","source":"dgmesnie_geojson","coordinate_source":"dgmesnie_geojson","validation_state":"catalogado","homonyms_in_scope":1,"evidence":"nombre de subestación presente en el expediente (+45); mención explícita como SE (+20); punto dentro de GCR bcalifornia (+15); inventario georreferenciado con estado trazable (+5); nombre de una sola palabra (-10)","shared_by_projects":1}},{"type":"Feature","geometry":{"type":"Point","coordinates":[-96.4081246,19.7198157]},"properties":{"project_id":250,"pem":"M24-OR2","project_name":"Modernización de la Subestación Eléctrica Laguna Verde 230 kV (SF6)","project_gcr":"oriental","role":"principal_probable","score":100,"confidence":"alta_para_revision","station_name":"SE LAGUNA VERDE","station_alias":"LAGUNA VERDE","network_level":"transmision","voltage_kv":400,"gcr_catalog":"oriental","record_key":"dgmesnie_geojson:se:c7985f4c110fa85c79e1","universe_key":"se:c7985f4c110fa85c79e1","node_id":"se:c7985f4c110fa85c79e1","source":"atlas_sen + dgmesnie_geojson","coordinate_source":"dgmesnie_geojson","validation_state":"catalogado","homonyms_in_scope":1,"evidence":"nombre de subestación presente en el expediente (+45); mención explícita como SE (+20); nombre presente en el título (+15); punto dentro de GCR oriental (+15); coordenada conciliada por varias fuentes (+5); inventario georreferenciado con estado trazable (+5)","shared_by_projects":1}},{"type":"Feature","geometry":{"type":"Point","coordinates":[-93.5608997,18.0180532]},"properties":{"project_id":251,"pem":"P25-OR1","project_name":"Atención al suministro de energía eléctrica en las Zonas Villahermosa y Chontalpa","project_gcr":"oriental","role":"referencia_titular","score":75,"confidence":"baja_no_promover","station_name":"S.E. CHONTALPA","station_alias":"CHONTALPA","network_level":"subtransmision","voltage_kv":115,"gcr_catalog":"oriental","record_key":"dgmesnie_geojson:se:c72a63695a03b05e9226","universe_key":"se:c72a63695a03b05e9226","node_id":"se:c72a63695a03b05e9226","source":"dgmesnie_geojson + openstreetmap","coordinate_source":"dgmesnie_geojson","validation_state":"catalogado","homonyms_in_scope":1,"evidence":"nombre de subestación presente en el expediente (+45); nombre presente en el título (+15); punto dentro de GCR oriental (+15); coordenada conciliada por varias fuentes (+5); inventario georreferenciado con estado trazable (+5); nombre de una sola palabra (-10)","shared_by_projects":1}},{"type":"Feature","geometry":{"type":"Point","coordinates":[-92.6534974,16.7202443]},"properties":{"project_id":252,"pem":"P25-OR2","project_name":"Incremento de capacidad de suministro hacia la Zona San Cristóbal","project_gcr":"oriental","role":"referencia_titular","score":85,"confidence":"media_para_revision","station_name":"S.E. SAN CRISTOBAL","station_alias":"SAN CRISTOBAL","network_level":"subtransmision","voltage_kv":138,"gcr_catalog":"oriental","record_key":"dgmesnie_geojson:se:402b7b3e8c1a3b345351","universe_key":"se:402b7b3e8c1a3b345351","node_id":"se:402b7b3e8c1a3b345351","source":"dgmesnie_geojson + openstreetmap","coordinate_source":"dgmesnie_geojson","validation_state":"catalogado","homonyms_in_scope":1,"evidence":"nombre de subestación presente en el expediente (+45); nombre presente en el título (+15); punto dentro de GCR oriental (+15); coordenada conciliada por varias fuentes (+5); inventario georreferenciado con estado trazable (+5)","shared_by_projects":1}},{"type":"Feature","geometry":{"type":"Point","coordinates":[-95.219394,16.3414307]},"properties":{"project_id":253,"pem":"P24-OR2","project_name":"Suministro de energía en la zona de carga Tehuantepec","project_gcr":"oriental","role":"referencia_titular","score":70,"confidence":"baja_no_promover","station_name":"SE TEHUANTEPEC","station_alias":"TEHUANTEPEC","network_level":"subtransmision","voltage_kv":115,"gcr_catalog":"oriental","record_key":"dgmesnie_geojson:se:cc779cd16ab39ae39791","universe_key":"se:cc779cd16ab39ae39791","node_id":"se:cc779cd16ab39ae39791","source":"dgmesnie_geojson","coordinate_source":"dgmesnie_geojson","validation_state":"catalogado","homonyms_in_scope":1,"evidence":"nombre de subestación presente en el expediente (+45); nombre presente en el título (+15); punto dentro de GCR oriental (+15); inventario georreferenciado con estado trazable (+5); nombre de una sola palabra (-10)","shared_by_projects":1}},{"type":"Feature","geometry":{"type":"Point","coordinates":[-100.6458879,23.666455]},"properties":{"project_id":254,"pem":"P25-OC1","project_name":"Soporte de tensión para la Zona Matehuala","project_gcr":"occidental","role":"referencia_titular","score":75,"confidence":"baja_no_promover","station_name":"S.E. MATEHUALA","station_alias":"MATEHUALA","network_level":"subtransmision","voltage_kv":115,"gcr_catalog":"occidental","record_key":"dgmesnie_geojson:se:985f4a8077ccd67540fe","universe_key":"se:985f4a8077ccd67540fe","node_id":"se:985f4a8077ccd67540fe","source":"dgmesnie_geojson + openstreetmap","coordinate_source":"dgmesnie_geojson","validation_state":"catalogado","homonyms_in_scope":1,"evidence":"nombre de subestación presente en el expediente (+45); nombre presente en el título (+15); punto dentro de GCR occidental (+15); coordenada conciliada por varias fuentes (+5); inventario georreferenciado con estado trazable (+5); nombre de una sola palabra (-10)","shared_by_projects":1}},{"type":"Feature","geometry":{"type":"Point","coordinates":[-102.2836065,20.0141866]},"properties":{"project_id":255,"pem":"P25-OC2","project_name":"Suministro de energía en la región Ciénega - Zamora","project_gcr":"occidental","role":"referencia_titular","score":75,"confidence":"baja_no_promover","station_name":"S.E. ZAMORA","station_alias":"ZAMORA","network_level":"subtransmision","voltage_kv":115,"gcr_catalog":"occidental","record_key":"dgmesnie_geojson:se:d7c66d63681136ecb21d","universe_key":"se:d7c66d63681136ecb21d","node_id":"se:d7c66d63681136ecb21d","source":"dgmesnie_geojson + openstreetmap","coordinate_source":"dgmesnie_geojson","validation_state":"catalogado","homonyms_in_scope":1,"evidence":"nombre de subestación presente en el expediente (+45); nombre presente en el título (+15); punto dentro de GCR occidental (+15); coordenada conciliada por varias fuentes (+5); inventario georreferenciado con estado trazable (+5); nombre de una sola palabra (-10)","shared_by_projects":1}},{"type":"Feature","geometry":{"type":"Point","coordinates":[-109.4390826,27.0496145]},"properties":{"project_id":257,"pem":"P25-NO1","project_name":"Incremento en la capacidad de transformación de la Zona Navojoa","project_gcr":"noroeste","role":"referencia_titular","score":75,"confidence":"baja_no_promover","station_name":"SE NAVOJOA","station_alias":"NAVOJOA","network_level":"subtransmision","voltage_kv":115,"gcr_catalog":"noroeste","record_key":"dgmesnie_geojson:se:d4ecf0bb102c7bc78ac2","universe_key":"se:d4ecf0bb102c7bc78ac2","node_id":"se:d4ecf0bb102c7bc78ac2","source":"dgmesnie_geojson + openstreetmap","coordinate_source":"dgmesnie_geojson","validation_state":"catalogado","homonyms_in_scope":1,"evidence":"nombre de subestación presente en el expediente (+45); nombre presente en el título (+15); punto dentro de GCR noroeste (+15); coordenada conciliada por varias fuentes (+5); inventario georreferenciado con estado trazable (+5); nombre de una sola palabra (-10)","shared_by_projects":1}},{"type":"Feature","geometry":{"type":"Point","coordinates":[-107.4178814,24.7535316]},"properties":{"project_id":258,"pem":"P25-NO2","project_name":"Eliminar restricción en la capacidad de transmisión de la LT Culiacán Cuatro - Culiacán Sur","project_gcr":"noroeste","role":"referencia_titular","score":85,"confidence":"media_para_revision","station_name":"SE CULIACAN SUR","station_alias":"CULIACAN SUR","network_level":"subtransmision","voltage_kv":115,"gcr_catalog":"noroeste","record_key":"dgmesnie_geojson:se:54fb817c929af8462be5","universe_key":"se:54fb817c929af8462be5","node_id":"se:54fb817c929af8462be5","source":"dgmesnie_geojson + openstreetmap","coordinate_source":"dgmesnie_geojson","validation_state":"catalogado","homonyms_in_scope":1,"evidence":"nombre de subestación presente en el expediente (+45); nombre presente en el título (+15); punto dentro de GCR noroeste (+15); coordenada conciliada por varias fuentes (+5); inventario georreferenciado con estado trazable (+5)","shared_by_projects":1}},{"type":"Feature","geometry":{"type":"Point","coordinates":[-103.4719945,25.5516205]},"properties":{"project_id":260,"pem":"P25-NT2","project_name":"Incremento de transformación en la Zona La Laguna","project_gcr":"norte","role":"referencia_titular","score":80,"confidence":"media_para_revision","station_name":"S.E. LA LAGUNA","station_alias":"LA LAGUNA","network_level":"subtransmision","voltage_kv":115,"gcr_catalog":"norte","record_key":"dgmesnie_geojson:se:9153cff0e28b8e531a71","universe_key":"se:9153cff0e28b8e531a71","node_id":"se:9153cff0e28b8e531a71","source":"dgmesnie_geojson","coordinate_source":"dgmesnie_geojson","validation_state":"catalogado","homonyms_in_scope":1,"evidence":"nombre de subestación presente en el expediente (+45); nombre presente en el título (+15); punto dentro de GCR norte (+15); inventario georreferenciado con estado trazable (+5)","shared_by_projects":1}},{"type":"Feature","geometry":{"type":"Point","coordinates":[-101.4255603,26.8732561]},"properties":{"project_id":262,"pem":"P25-NE1","project_name":"Incremento de Capacidad de Transformación de la zona Monclova","project_gcr":"noreste","role":"referencia_titular","score":70,"confidence":"baja_no_promover","station_name":"S.E. MONCLOVA","station_alias":"MONCLOVA","network_level":"subtransmision","voltage_kv":115,"gcr_catalog":"noreste","record_key":"dgmesnie_geojson:se:4fa5cad15c7f00881719","universe_key":"se:4fa5cad15c7f00881719","node_id":"se:4fa5cad15c7f00881719","source":"dgmesnie_geojson","coordinate_source":"dgmesnie_geojson","validation_state":"catalogado","homonyms_in_scope":1,"evidence":"nombre de subestación presente en el expediente (+45); nombre presente en el título (+15); punto dentro de GCR noreste (+15); inventario georreferenciado con estado trazable (+5); nombre de una sola palabra (-10)","shared_by_projects":1}},{"type":"Feature","geometry":{"type":"Point","coordinates":[-116.6360328,32.5709964]},"properties":{"project_id":265,"pem":"P25-BC2","project_name":"Cambio de tensión de operación de 69 kV a 115 kV al oriente de la ciudad de Tijuana y Tecate","project_gcr":"bcalifornia","role":"referencia_titular","score":85,"confidence":"media_para_revision","station_name":"SE TECATE","station_alias":"TECATE","network_level":"subtransmision","voltage_kv":115,"gcr_catalog":"bcalifornia","record_key":"dgmesnie_geojson:se:c33f42f7f82cea4c1253","universe_key":"se:c33f42f7f82cea4c1253","node_id":"se:c33f42f7f82cea4c1253","source":"dgmesnie_geojson + openstreetmap","coordinate_source":"dgmesnie_geojson","validation_state":"catalogado","homonyms_in_scope":1,"evidence":"nombre de subestación presente en el expediente (+45); nombre presente en el título (+15); tensión compatible: 115 kV (+10); punto dentro de GCR bcalifornia (+15); coordenada conciliada por varias fuentes (+5); inventario georreferenciado con estado trazable (+5); nombre de una sola palabra (-10)","shared_by_projects":1}},{"type":"Feature","geometry":{"type":"Point","coordinates":[-99.3433403,19.3071525]},"properties":{"project_id":266,"pem":"M25-CE1","project_name":"Modernización integral de la Subestación Eléctrica San Bernabé en 400 kV","project_gcr":"central","role":"referencia_titular","score":75,"confidence":"baja_no_promover","station_name":"San Bernabé","station_alias":"SAN BERNABE","network_level":"transmision","voltage_kv":400,"gcr_catalog":"central","record_key":"atlas_sen:2bf3b75104f978d5366cb1ffa9c67cc8d262dcad","universe_key":"ref:atlas_sen:2bf3b75104f978d5366cb1ffa9c67cc8d262dcad","node_id":"","source":"atlas_sen","coordinate_source":"openstreetmap","validation_state":"validada_automatica_fuente_abierta","homonyms_in_scope":2,"evidence":"nombre de subestación presente en el expediente (+45); nombre presente en el título (+15); tensión compatible: 400 kV (+10); punto dentro de GCR central (+15); inventario georreferenciado con estado trazable (+5); homónimo: 2 puntos en el ámbito (-15)","shared_by_projects":2}},{"type":"Feature","geometry":{"type":"Point","coordinates":[-88.2665152,20.6978233]},"properties":{"project_id":267,"pem":"M25-PE1","project_name":"Sustitución de Autotransformador AT7 en SE Valladolid","project_gcr":"peninsular","role":"referencia_titular","score":75,"confidence":"baja_no_promover","station_name":"S.E. VALLADOLID","station_alias":"VALLADOLID","network_level":"transmision","voltage_kv":230,"gcr_catalog":"peninsular","record_key":"dgmesnie_geojson:se:501c03ac09a7966ca4e0","universe_key":"se:501c03ac09a7966ca4e0","node_id":"se:501c03ac09a7966ca4e0","source":"atlas_sen + dgmesnie_geojson","coordinate_source":"dgmesnie_geojson","validation_state":"catalogado","homonyms_in_scope":1,"evidence":"nombre de subestación presente en el expediente (+45); nombre presente en el título (+15); punto dentro de GCR peninsular (+15); coordenada conciliada por varias fuentes (+5); inventario georreferenciado con estado trazable (+5); nombre de una sola palabra (-10)","shared_by_projects":2}},{"type":"Feature","geometry":{"type":"Point","coordinates":[-98.7601546,20.117199]},"properties":{"project_id":277,"pem":"P26-CE1","project_name":"Suministro de energía eléctrica en la Ciudad de Pachuca","project_gcr":"central","role":"referencia_titular","score":75,"confidence":"baja_no_promover","station_name":"SE PACHUCA","station_alias":"PACHUCA","network_level":"subtransmision","voltage_kv":85,"gcr_catalog":"central","record_key":"dgmesnie_geojson:se:7aa07b7ebe12a320471b","universe_key":"se:7aa07b7ebe12a320471b","node_id":"se:7aa07b7ebe12a320471b","source":"dgmesnie_geojson + openstreetmap","coordinate_source":"dgmesnie_geojson","validation_state":"catalogado","homonyms_in_scope":1,"evidence":"nombre de subestación presente en el expediente (+45); nombre presente en el título (+15); punto dentro de GCR central (+15); coordenada conciliada por varias fuentes (+5); inventario georreferenciado con estado trazable (+5); nombre de una sola palabra (-10)","shared_by_projects":2}},{"type":"Feature","geometry":{"type":"Point","coordinates":[-107.3916815,24.8621911]},"properties":{"project_id":281,"pem":"P26-NO2","project_name":"Incremento en la capacidad de transformación en el área norte de la Zona Culiacán","project_gcr":"noroeste","role":"referencia_titular","score":75,"confidence":"baja_no_promover","station_name":"SE NORTE","station_alias":"NORTE","network_level":"subtransmision","voltage_kv":115,"gcr_catalog":"noroeste","record_key":"dgmesnie_geojson:se:52fa865542e458fac260","universe_key":"se:52fa865542e458fac260","node_id":"se:52fa865542e458fac260","source":"dgmesnie_geojson + openstreetmap","coordinate_source":"dgmesnie_geojson","validation_state":"catalogado","homonyms_in_scope":1,"evidence":"nombre de subestación presente en el expediente (+45); nombre presente en el título (+15); punto dentro de GCR noroeste (+15); coordenada conciliada por varias fuentes (+5); inventario georreferenciado con estado trazable (+5); nombre de una sola palabra (-10)","shared_by_projects":1}},{"type":"Feature","geometry":{"type":"Point","coordinates":[-104.6667062,24.0464949]},"properties":{"project_id":306,"pem":"M01-GCRN","project_name":"Modernización de la subestación Cuadro de Maniobras Cerro del Mercado","project_gcr":"","role":"referencia_titular","score":70,"confidence":"baja_no_promover","station_name":"S.E. CERRO DEL MERCADO","station_alias":"CERRO DEL MERCADO","network_level":"subtransmision","voltage_kv":115,"gcr_catalog":"norte","record_key":"dgmesnie_geojson:se:b0943b6b0edb7166d63b","universe_key":"se:b0943b6b0edb7166d63b","node_id":"se:b0943b6b0edb7166d63b","source":"dgmesnie_geojson + openstreetmap","coordinate_source":"dgmesnie_geojson","validation_state":"catalogado","homonyms_in_scope":0,"evidence":"nombre de subestación presente en el expediente (+45); nombre presente en el título (+15); coordenada conciliada por varias fuentes (+5); inventario georreferenciado con estado trazable (+5)","shared_by_projects":1}}]}